,RED_13_RED_14,RED_13_RED_15,RED_13_RED_17,RED_13_RED_18,RED_13_RED_19,GREEN_13_GREEN_14,GREEN_13_GREEN_15,GREEN_13_GREEN_17,GREEN_13_GREEN_18,GREEN_13_GREEN_19,BLUE_13_BLUE_14,BLUE_13_BLUE_15,BLUE_13_BLUE_17,BLUE_13_BLUE_18,BLUE_13_BLUE_19,CLEAR_13_CLEAR_14,CLEAR_13_CLEAR_15,CLEAR_13_CLEAR_17,CLEAR_13_CLEAR_18,CLEAR_13_CLEAR_19,RED_14_RED_15,RED_14_RED_17,RED_14_RED_18,RED_14_RED_19,GREEN_14_GREEN_15,GREEN_14_GREEN_17,GREEN_14_GREEN_18,GREEN_14_GREEN_19,BLUE_14_BLUE_15,BLUE_14_BLUE_17,BLUE_14_BLUE_18,BLUE_14_BLUE_19,CLEAR_14_CLEAR_15,CLEAR_14_CLEAR_17,CLEAR_14_CLEAR_18,CLEAR_14_CLEAR_19,RED_15_RED_17,RED_15_RED_18,RED_15_RED_19,GREEN_15_GREEN_17,GREEN_15_GREEN_18,GREEN_15_GREEN_19,BLUE_15_BLUE_17,BLUE_15_BLUE_18,BLUE_15_BLUE_19,CLEAR_15_CLEAR_17,CLEAR_15_CLEAR_18,CLEAR_15_CLEAR_19,RED_17_RED_18,RED_17_RED_19,GREEN_17_GREEN_18,GREEN_17_GREEN_19,BLUE_17_BLUE_18,BLUE_17_BLUE_19,CLEAR_17_CLEAR_18,CLEAR_17_CLEAR_19,RED_18_RED_19,GREEN_18_GREEN_19,BLUE_18_BLUE_19,CLEAR_18_CLEAR_19
0,0.9877383073821638,0.9392832004477413,0.9639739194249065,0.9867417237129412,0.9859608852948579,0.9869506906640765,0.9387799962124774,0.9639642212507271,0.9864836678250409,0.9853584997630648,0.9889188939327425,0.9441050291447352,0.9673482864887369,0.9888330678368676,0.9873663901110046,0.986274553652786,0.936401862002831,0.9618117330607076,0.9851180387628664,0.9841971187006517,0.9393733441713336,0.9652621857487582,0.9842917137573064,0.9859611347984293,0.9389220392906769,0.9648974952592769,0.9834601492437861,0.98529806656537,0.9435562393409709,0.9673751196365212,0.9856692879149443,0.9874549591807094,0.9366942155747583,0.9635910602817211,0.9826809447788792,0.9843613670443839,0.978932241033606,0.940537171228632,0.9278839137101541,0.9784699439311105,0.9405846124676845,0.927828408432324,0.9800363766042516,0.9449527785111869,0.9331221747221234,0.978000742922836,0.9379296212979874,0.9247357898384876,0.965871408380711,0.9543528095577336,0.9660399646128438,0.954620771425511,0.9688340761296756,0.9576994121787891,0.9639400761132686,0.9522869845391361,0.9855074997140463,0.9848988887783662,0.9869254642521874,0.9838945599930546
2,0.9934931378480684,0.9475735141869298,0.9696539318782893,0.992334651941478,0.9932156386943348,0.9931835437349171,0.9475775821490356,0.9699914563623052,0.9922884280555218,0.9930612639907946,0.9940909160779491,0.9517157979767386,0.9723688516578307,0.9936343939955022,0.993849229479956,0.9928470477343528,0.9452349875451076,0.96817214176511,0.9915725221097148,0.9925486856491906,0.9465328060751023,0.9695125913361756,0.9896920193391803,0.9921378160905642,0.9463176449611646,0.9695103399427581,0.9892008327146476,0.991871934614597,0.9501824556367228,0.971335505446473,0.990534715433097,0.9930566516996627,0.9445347242824664,0.9683968476818126,0.9888347278320941,0.9913135466440389,0.9862572890332495,0.9473430565501791,0.936762209359033,0.9861804128612235,0.9477676625531716,0.9370980561842,0.9867538977828164,0.9513476129534567,0.9413530291911854,0.9859331701658219,0.9454292052761504,0.9343200028131413,0.9699891321858544,0.9606650222454712,0.9704176162735932,0.9612166748818048,0.97251389603357,0.9633545396372222,0.9685902584457468,0.959285103918081,0.9915496373859887,0.9912608964699737,0.9923262346430871,0.99079557227074
3,0.9952611234766261,0.9490876887432448,0.9708398543526181,0.9939602973578696,0.9946684993355134,0.9949237462791964,0.9490423660916982,0.9711392801147887,0.9938978868321842,0.9944869128952435,0.9955349958703791,0.9528445236127513,0.9733455370418861,0.994929223789749,0.9950715010160656,0.9946423160692753,0.9470134004865878,0.9695254849821112,0.9933887834327679,0.9941850667608035,0.9486614867249875,0.9717756917160534,0.9921479869742363,0.994082346971952,0.9486084275167994,0.9717770771459614,0.9917296322117232,0.9939038514243808,0.9520101794168957,0.9732784758218793,0.9926394004428101,0.9947392238758944,0.9468485140132442,0.9709260031000904,0.9915721936845935,0.9935206647071145,0.9876943726186658,0.9492044857381806,0.938268300493612,0.9876503381459596,0.9497252525322792,0.9386706847814738,0.9879776005336244,0.9528217648507692,0.9426803938814395,0.9875208412958255,0.9474984005735518,0.9360634664695041,0.9717167616473877,0.9617440101325068,0.9721934023708623,0.9623061689168824,0.9739779309696139,0.9643014478350895,0.9705542549427238,0.960546662213621,0.9937469577718184,0.9935592809753425,0.9941053699369222,0.9932791814072613
4,0.9962018132364517,0.950215868406947,0.9722988739144159,0.9950147069093391,0.9957587619723163,0.9960433557520919,0.9504107468099418,0.9727456611384261,0.9949710290087213,0.9957066993048445,0.9964439453303153,0.9540455977188486,0.9747054740767462,0.9958276147873675,0.9960819164204396,0.9958383160538367,0.9481817852821827,0.9711287225758148,0.9946092486832773,0.9954661693157075,0.9500480944420968,0.9726019634900369,0.9931700762787786,0.9954302108410654,0.9501342844624254,0.9727367294075017,0.9927939506151516,0.9953206735458361,0.9533872849935346,0.9740630775792612,0.9935352772704866,0.9959021917335461,0.9483785541149575,0.9718147937294682,0.9926700631587121,0.9950044710215173,0.9889490654871703,0.9500381401165489,0.9394754486460636,0.9889706035178911,0.9506052879858177,0.9399416404423285,0.9891341089135027,0.9536879983808751,0.9437865416469414,0.9888803053913082,0.9483503403858983,0.9372788236724705,0.9725676873539647,0.9628096340359829,0.9730875712303165,0.9634017075528453,0.9747801340164064,0.9652313588397773,0.9714926292215978,0.9617036235451685,0.9941609250274368,0.9939600304565219,0.9945323948046967,0.9937361370087857
5,0.9975382950435984,0.9507681423109944,0.9725083552831998,0.9952212148909568,0.9958359613915851,0.9974294689731663,0.9509330642881937,0.9729425755859287,0.9951928862503838,0.9957576457837976,0.9976780537390797,0.9545077616621918,0.9748847916380773,0.9959624849464362,0.996135633634209,0.9973439976906907,0.948858523057073,0.9714397702927784,0.9948843921105943,0.9955544059659266,0.9509754598888901,0.9735081591924469,0.9942739156891968,0.9959229162908535,0.9511132301113173,0.9737654968090274,0.9939708172461116,0.9958345957824104,0.9542733193075658,0.9749916617881185,0.9945431402166304,0.9963490829593633,0.949406581882083,0.9728916868584563,0.9939489531340302,0.9956024140258252,0.9894625572503145,0.9507139523451312,0.9398738275900765,0.989600596332124,0.9512984593791147,0.9404058398966528,0.9897130709424998,0.9542011548133341,0.9442278699753408,0.9894587401053244,0.9490854454838494,0.9376940386185723,0.9732869647092526,0.9632229550344529,0.9739446742191491,0.9638528802608262,0.9754767705632533,0.9656172265053041,0.9723173110765435,0.9621316478644201,0.9949484549405552,0.9948034927213644,0.995180481990416,0.9946420821656875
6,0.9975960351340494,0.9512359341028825,0.9729985047263675,0.9961571916767197,0.996294897851364,0.9974746737161215,0.9514289333894932,0.9734178926838789,0.9961950642954757,0.9962234642435366,0.9976632079620773,0.9549163551663911,0.9752932149338869,0.9968505328347698,0.9965354742566662,0.9973394462210451,0.9492874495783091,0.9719059702121475,0.995896030218029,0.9960201737411466,0.951288532397131,0.9737107910940864,0.9949788077185853,0.9961969783154819,0.9513907694739407,0.9738856291892695,0.994682925221528,0.996129381167628,0.9545114129601013,0.9750949971882454,0.9951873532653885,0.9966088179586402,0.9497405833248018,0.9730682609761819,0.9947289367312614,0.9958588461039829,0.9895951521810613,0.9510377398024354,0.9401628777477588,0.9896757962588351,0.9516325432727092,0.9406897613156993,0.9897758743343248,0.954555360957239,0.9445009642333312,0.9895539585136949,0.9494990933778001,0.9380462302572916,0.9735653406348452,0.9634407273907195,0.9741271020262195,0.9640472359745722,0.9756639027332571,0.9658178388566111,0.9726326182567822,0.9623783454603949,0.9953734617122433,0.9952291750878263,0.9955816300099325,0.9951203701842724
7,0.9981031421301958,0.9503449279568607,0.97319749408775,0.9964171653277206,0.9966550100472501,0.9980059395542525,0.9505502625813148,0.9734755285127994,0.996384026163226,0.9966567192168286,0.9981367565740893,0.9539629031420456,0.9754260394771151,0.9970362577080784,0.9968838258625031,0.9978919404823915,0.9483334413112525,0.9719953157417855,0.996105017747465,0.9963677135323313,0.9504646988344311,0.9734687092253246,0.9952638080347107,0.9966635086094696,0.9505718182377556,0.9735739699920022,0.9949987673687904,0.9966059704750769,0.9536237766491241,0.9748537784538545,0.9954685897573334,0.997008598022802,0.9489061133825684,0.9728278581187443,0.9950145245800972,0.996387566553663,0.9901525005654858,0.9508200726589149,0.939467561610236,0.9902127942826437,0.9514425896586473,0.9399800198354197,0.9902786023566635,0.9541992319255258,0.9436291396460524,0.9901429174018175,0.9492780380375649,0.9373583688828068,0.9739138764420575,0.9634068763330462,0.9743804051890171,0.9638456656028405,0.9759515892337999,0.9656950958465681,0.9729163686112919,0.9622749857340729,0.995478012777244,0.9953212546588001,0.9956374189868773,0.9952137502704517
8,0.9982027792257175,0.9506341975440219,0.9733653398027353,0.9965463376990256,0.9967897815105144,0.998124612763965,0.9508662815242315,0.9737023098614742,0.9965600992307662,0.9967891375742466,0.9982046532391351,0.9542270912462643,0.9755775504531106,0.9971578504960819,0.9970216482149963,0.9981116383236484,0.9487383700206027,0.9722686887118035,0.9963318251644854,0.996587489289303,0.9507418308871447,0.9739778461290813,0.9956342188223434,0.9968708652334829,0.9508954826877181,0.9741504513008851,0.9953800629456587,0.9968488688975081,0.9539231218903057,0.975321740085,0.995766020438807,0.9971721810571161,0.9493304436314377,0.9734413874440022,0.9954886764365091,0.9966456699955765,0.9900251750419765,0.9509131510248995,0.9397840576073612,0.9900802733947044,0.951421325108977,0.9402869122637841,0.9901400959421895,0.9542180683224817,0.9439111100711632,0.9901199779434241,0.9494323049349541,0.9378267505123205,0.9742469136369462,0.9635953729518343,0.9747363543924072,0.9640681050918465,0.9762573254180823,0.9659166739752535,0.9733353540846684,0.9625500249840347,0.9956087035439987,0.9954579009335227,0.9958329740051032,0.9953964771135904
9,0.9982029736348196,0.9529811643430791,0.974361589619489,0.9970641271474786,0.9969895748049167,0.9980723799569046,0.9531984941712754,0.9747656001887952,0.9970859232609338,0.9969590825631444,0.9982168197076441,0.956593844940377,0.9766079230679677,0.9976280201884087,0.997169741969028,0.9980216461102905,0.951069438834199,0.9732981475599626,0.9968443922397617,0.9967755787063618,0.9534775112555056,0.9751022383595018,0.996003659271455,0.9967121470363466,0.953549814888978,0.9753409550804233,0.9957567444071761,0.9966775075643755,0.9564959465386167,0.9765108643835436,0.9961622638120773,0.9970990351992731,0.9520592598162595,0.9745882762867344,0.9958928837038721,0.9964834435593898,0.9904724865662742,0.9535825500356598,0.9422103341175166,0.9906076134487557,0.9541415368396207,0.942672509655674,0.9906040954146023,0.9568735493625367,0.9463428056215603,0.9905825787799385,0.9521847718558825,0.9402255303780099,0.9752175870508069,0.9645037526812171,0.9758270432845887,0.9651058167346702,0.9772414187166295,0.9668951148197307,0.9743733354116928,0.9634343600803896,0.9961253569527682,0.9960218687882152,0.9963088440779418,0.9959756407028547
10,0.9986308901922446,0.9517518199970677,0.973898526911808,0.9966950388592908,0.9970724862406762,0.9985593160346254,0.9520457129336269,0.9743812039105517,0.9967048785105709,0.9971149584929642,0.9986095228006581,0.9554014335557572,0.9761208092693213,0.9972642134904898,0.997274272340444,0.9985304955748122,0.9498832357698797,0.9729335771647387,0.9964910236368133,0.9969298752334943,0.9520909530030163,0.9745224116613529,0.9959779726233179,0.9968477788583795,0.9522366865038538,0.9748027538205913,0.9957371127472386,0.996803274709462,0.9551962224737238,0.975889373704729,0.996110104109178,0.9971738942151341,0.9506189123372953,0.9739759379108632,0.9958270183638969,0.9966088999542191,0.9903269899594189,0.9517696816174113,0.9406975010204014,0.9904675735296624,0.952411688403333,0.9412340950322505,0.9904735090272154,0.9551997010676624,0.9449404302954272,0.9903710543626645,0.9502712229907473,0.938669760171818,0.974640392429783,0.9639894614122135,0.9752736455117471,0.9646661536064431,0.976662137264428,0.9663565069671295,0.9737933591908315,0.962971250729932,0.9961600645865166,0.9960432607336867,0.9963052108445488,0.9960193727861139
11,0.9989260666753677,0.9532397966419639,0.9749563931972178,0.997065152485103,0.9971552071802003,0.9988359107590872,0.9535372832058074,0.975207915625128,0.997081345597345,0.9971697077113723,0.9988514000544441,0.9567406717309636,0.9770003186385651,0.9976276490939351,0.9973678352937387,0.9988500875349022,0.951413286037903,0.9738878473879858,0.9968523883024187,0.9970049887804157,0.9533436560118448,0.9751932463516154,0.9964732094003197,0.9971901822851116,0.953447564433304,0.9753556433068512,0.9961933726401159,0.9971709084445919,0.9563313120952227,0.9764681894385708,0.9965216729039696,0.9975039645992209,0.951929990173584,0.9746881197368987,0.9963939425739755,0.996988315862752,0.9908870613590143,0.9532651167295918,0.9418684626363111,0.9909757792555226,0.9538829651994415,0.9424122238039131,0.9910200847100106,0.956583977427675,0.9459382768793184,0.9909349532518767,0.9518596744775657,0.9398619377942375,0.9753534122132125,0.9648640443375447,0.9758873617416126,0.9653279509540773,0.9773095595500891,0.9671134995598096,0.9744952969439343,0.963779989329863,0.9962761337017175,0.9961549030327504,0.9964198982705434,0.996139432930577
12,0.9985903943025533,0.951755901389084,0.9740443849216811,0.9970509107529422,0.9973566410462124,0.9985348854232899,0.9520456604137987,0.9745273303110795,0.9970894145820288,0.9973940930641594,0.9985765485294594,0.9554299582262452,0.9762463483501476,0.9976235306464311,0.9975341472312818,0.9985328167676565,0.9498373192960164,0.9730661320113696,0.9968706650646604,0.9972252026317753,0.9522523567230708,0.9748533566244659,0.9962577335181642,0.9970863336786131,0.9523862079162081,0.9751447692129231,0.9960343978303838,0.9970683320906979,0.9553691054009698,0.9761781480289116,0.9963703705147497,0.9973855364379723,0.9508046281037923,0.974395450474234,0.9961535445977745,0.9968790912754835,0.9904691376683968,0.9517101324647234,0.9409483881638391,0.9906202957899984,0.9522863299654324,0.9414551210809009,0.9905921060451355,0.9551340651438727,0.9451426042525305,0.9905002065960349,0.9502307160217497,0.938912767188905,0.9745976751770633,0.964172335588721,0.9752423396486632,0.9648713137732786,0.9765997563307228,0.9665627748906455,0.9737887586075268,0.9631803320686211,0.9962585915531457,0.996146422343918,0.9964083466439555,0.9961271448565164
13,0.9987969510275989,0.9542807658472773,0.9755777255882699,0.9975572893445666,0.9975320341216745,0.9987288301758909,0.9544665295319134,0.9759302479176971,0.9975290655048852,0.9975803687397333,0.9987552695197842,0.9577173987436337,0.9775996644760211,0.9980002771505235,0.9976919725922935,0.9987123959164416,0.952377240779909,0.974599730230261,0.9974215779027783,0.997422153769584,0.9547896117286657,0.9764742875550138,0.9967815494097412,0.997378224010756,0.9548541934013106,0.9766989606544064,0.9965784237383756,0.9973615857238667,0.9578068158413451,0.9777987439463753,0.9968827794304955,0.9976786659461271,0.9533228318032734,0.9760015042591723,0.9966982932134727,0.9971711083360305,0.9905217435158502,0.9546730597114969,0.9439245658089922,0.9906786566977668,0.9552579450405043,0.9443475735580068,0.9906740299378037,0.9579735420553833,0.9478613814247008,0.9906645002242424,0.9532311291277353,0.9419180045415969,0.9761453972453276,0.9661932146667971,0.9766418046743635,0.9666784621699689,0.9780096842813988,0.9684059269332117,0.9753225981148069,0.9651624654345792,0.9969159223372459,0.9968214455005325,0.9970390819229131,0.9968362214514055
14,0.999002790408362,0.9518010897837696,0.9747030747011075,0.9974293128722764,0.9975251170869747,0.9989341331948884,0.9520505717957475,0.975057990805092,0.9973985703080732,0.9975383872267402,0.99893482298874,0.9553355629482855,0.9769408225791983,0.9979100636970338,0.997650267254022,0.9989725061418796,0.9499321933429479,0.9735838715870955,0.9972780663206825,0.9973996840757279,0.9522024307033933,0.9747632572709515,0.9966942929932834,0.9974813842979534,0.9522608838915272,0.9749753453985135,0.9964619362766771,0.99746076488544,0.9551857566146729,0.9761560607225762,0.9967501171093471,0.9977474713212984,0.9508143840850031,0.97418661686246,0.9966141078025805,0.997296910620402,0.9911286136396449,0.9520556762814407,0.9408750043026353,0.9912123292065133,0.9527472313122572,0.9413555439903201,0.9912110192239055,0.9554384190843555,0.9449490656225542,0.9912076215706931,0.9506593070833325,0.9389232545844022,0.9752473092476525,0.9647211207036583,0.9757701966492421,0.9652370157401854,0.9772694561449674,0.9671222253696589,0.9742806737296593,0.9635686156529555,0.9966418876147806,0.9965280179766893,0.9967406430824293,0.9965339635923214
15,0.9989882306085934,0.9519805711327289,0.9746518667264344,0.9972463791663195,0.9972312740117276,0.9989458257468428,0.9523033018557457,0.9751283053576826,0.9973056251875738,0.997235246518527,0.9989294585797648,0.9556364857460738,0.9768545119804027,0.9978102677886396,0.9973766398196097,0.9989525402959701,0.9501570535459678,0.973775300579773,0.9970851288474774,0.9971043592979255,0.952515791456532,0.9751668476053333,0.9968083980844591,0.9972035901316317,0.9526289558937983,0.9754835912914326,0.9965841050773349,0.9971764238758001,0.9555614557109753,0.9765019336406164,0.9968586005251944,0.9974730717125239,0.9510818705469753,0.9747059894581553,0.9967995974553251,0.9970107876686157,0.9909399264972859,0.9520831058456969,0.9410899439415337,0.9910970163124665,0.9527924149032722,0.9416455794684077,0.9910367566488296,0.9555446490492521,0.9452830892092645,0.9910320492848439,0.950640024016495,0.9390915246185334,0.9754397569448473,0.9646807220331148,0.9761236482972646,0.9653761321939661,0.9774069118963361,0.9670052354529877,0.9746656515854596,0.9636980762889268,0.996820705673064,0.9967209018412165,0.9969044600168872,0.9967550641289439
16,0.9991836191373253,0.952430669340161,0.9753766522457902,0.9976511654335305,0.9975141773896541,0.9991274107841223,0.9526964971639247,0.9756248621279806,0.9976034774339471,0.9975135093328092,0.9990779490540272,0.9558496739625695,0.9774283984363267,0.9980979110709949,0.9976198825734548,0.9991876283580264,0.9506645079293468,0.9743227937040236,0.9975165342785636,0.9974113245076672,0.952639140624281,0.9754434506270396,0.9970952904314834,0.9974646560212714,0.9527572529423146,0.9755422930137622,0.9968919789261383,0.9974555289204552,0.9555376627367086,0.9766447572658197,0.9971133838114101,0.9977173094658859,0.9513120784863734,0.9749188013073283,0.9970917770131775,0.9972874614634013,0.9910533040318625,0.9525585443190803,0.9409051524604848,0.9911072085451088,0.9532112038670437,0.9414158561648925,0.9910741417905595,0.9557601082740323,0.9448935265944925,0.9912272404893578,0.9512594850607755,0.9389961701242208,0.9760944332892145,0.9648294888297245,0.9765594864218317,0.9652209773601461,0.9778880057373307,0.9670395801079746,0.9752586620606857,0.9637102563575038,0.9966976884269291,0.9965856228838668,0.9968044844660492,0.9966189727748129
17,0.9988511956256378,0.956040530951603,0.9759715978074118,0.997665655976377,0.9979622853109843,0.9987808237619521,0.9562424372605528,0.9761337980601859,0.997698708227623,0.9979824544922337,0.9987968440792604,0.9593814093052984,0.9778116691447882,0.9981420578687699,0.9980374345247631,0.9987510371749516,0.9541771547076301,0.9749422029071235,0.9975149151502525,0.9978469407422241,0.9560640305596646,0.9775382779931256,0.9968569951754473,0.9973362504233657,0.9560814652287538,0.9777155948354465,0.9966626752965712,0.9972935228458826,0.9589939700333231,0.9787323571266273,0.9969518577433341,0.9975752385577549,0.9545899469001461,0.9771168435097011,0.9967394353133713,0.997081925676558,0.9897150030538444,0.9568533712203724,0.9462863875001177,0.9897328772352564,0.9573700858317666,0.946669430866969,0.9897489255463908,0.9599630172092373,0.9500110540485791,0.9898722580250306,0.9554914932587985,0.9443349440204748,0.9769663262359333,0.9667936246342796,0.9774125592238807,0.9671215005197716,0.9786907518130793,0.96876582990517,0.9762117547865121,0.9656720133755983,0.9970455487580272,0.9969536738672489,0.9971381463297754,0.9969689363171584
18,0.9991871428571806,0.9563245052061478,0.9765661164863237,0.9977004070435814,0.9979051111925965,0.9991292730187017,0.9564975151681401,0.9769880489877619,0.9977441838464435,0.9979232069668629,0.999101777409354,0.9598068823774721,0.9786444928698392,0.998194731512014,0.9980064938180719,0.9991518447191211,0.9544531504909852,0.9755750726127723,0.9975830846058997,0.9978088387175733,0.9569351958549056,0.9774218681366383,0.9969211659709835,0.9975469034764777,0.9569448858657283,0.9776573337189151,0.9967018424394095,0.9975398853754579,0.959849392053013,0.9786548601487599,0.9969766094862567,0.9978236417097989,0.9555208844745812,0.9769683566272325,0.9968699827289887,0.9973610706828272,0.9911348124649052,0.957184424701876,0.9464637310699928,0.9913199299413612,0.9576522383593072,0.9467812022464649,0.9912679866662161,0.9603613960516209,0.9503747206976638,0.9913139245242629,0.9558141461138397,0.9444949022662847,0.9776473097349959,0.9674614130156695,0.9782276084230244,0.9680466396496655,0.9794626835095931,0.9696837376809004,0.976893243689201,0.9664544147384326,0.9969602729298012,0.9968647959646898,0.9970737342275418,0.9968803628947568
19,0.9992731001706483,0.9504278767688,0.9749870915442735,0.9976605031451358,0.9976878575927799,0.9992219926629975,0.9506801313378831,0.9752585981489464,0.9976989213654045,0.9976970801342459,0.9991545840677103,0.9538260246053817,0.9771592107639748,0.9981774961791076,0.9978153256493457,0.9992731078389144,0.9484988202859914,0.9737852748974102,0.9975211080724017,0.9975819193897842,0.9512854618731049,0.9752867777327918,0.9972771732474438,0.9975097565410572,0.9513874187080316,0.9755030867979982,0.9970479326909142,0.9974913602936184,0.9542718432526757,0.9767552566663891,0.9972521630939939,0.9977582406940317,0.9499195798869773,0.9747243228393649,0.9972584546308585,0.997309886599579,0.9911174790370223,0.9502025488708826,0.9385829983806927,0.9911678986191255,0.9506909290413587,0.9389788992374762,0.9911763141206955,0.9534164885660336,0.9425991319399725,0.9912306753026521,0.9486879475248167,0.9365451615631087,0.9753043683577964,0.9642983688711514,0.975754710969918,0.9647500220836414,0.9773111048692904,0.9667711897210618,0.974292198187699,0.9630633741295535,0.9969606771713407,0.9968759214377994,0.9970502386735828,0.996905133895227
20,0.9992780062815988,0.9521976378411781,0.9746048858388446,0.9974797687837923,0.9977727316778284,0.9992431641436261,0.9525209509291712,0.975148317894752,0.9975117807751935,0.9978088143768069,0.9991724249465864,0.9558227862541979,0.9768077343488599,0.997991414635518,0.9978907167221476,0.9992489608945443,0.9503493851648332,0.9737426656961226,0.9973154355481558,0.9976451961322556,0.9527321724664064,0.9751686609255139,0.9967880645731952,0.9974610588702217,0.9528843006820971,0.975487842175047,0.9965880991667836,0.99746025272274,0.9557698774301103,0.9764640561452912,0.9968389399037929,0.9977293302631076,0.9513345968344343,0.9747427065570301,0.9967487546457459,0.997303789499064,0.9910654517972366,0.9524009486710655,0.941353069848158,0.9912674145797636,0.9530144829855366,0.9418648346600484,0.9911652245977842,0.9557438925672515,0.9454892062521835,0.9912078927574662,0.9509714192038463,0.9393525690222959,0.9755001878290727,0.9646136745923207,0.9761831040728316,0.965311609784492,0.9774673973728355,0.9669625034965702,0.9747375350320628,0.9636122517170249,0.9964531751344766,0.9963555102091347,0.9965735423810667,0.9963560612386129
21,0.9993025303590765,0.9489977687140589,0.9736395197480393,0.9978408603474873,0.9979595944236147,0.9992072200237949,0.9491891709617454,0.9738760295433029,0.9977975510149856,0.9979490936862216,0.9991823866139123,0.9522907897393119,0.9757170537374688,0.99823908821457,0.9979957249608096,0.9992820774742183,0.9470873297905184,0.9725362211262294,0.9977175191486385,0.9978309741495515,0.9490125034514826,0.97341254518363,0.9968945895967602,0.9977069284964893,0.9490542669719746,0.9734694605083309,0.9966532159874745,0.9976949706294223,0.9520222843875205,0.9747870122047252,0.996951528154152,0.9979496591987241,0.9475620097473098,0.9728157118684175,0.9968415068484042,0.9975365182629979,0.9910344434750091,0.949775117879708,0.9376527488756988,0.9911264946840037,0.9502150368105405,0.9380290275358466,0.9910139225298279,0.9528714109611301,0.9415522310977228,0.9911606183436172,0.948305375680626,0.9355984584916468,0.9744101486193639,0.9633601106570759,0.9747626854136935,0.9636938136281252,0.9762752744678004,0.9656605546330723,0.9734250336763753,0.9621525869292542,0.9968250776149806,0.9967320362122661,0.996922814544562,0.9967638152801509
22,0.999426889382234,0.9569411925327227,0.9777820784329492,0.9982450680698463,0.998018201087516,0.999348402971117,0.9571488688596121,0.9779986622669322,0.9982747011808383,0.9980632256301696,0.9992977552607426,0.9602630705414799,0.9796880473115148,0.9986562532254368,0.9981068875729906,0.9993970209310897,0.9551165979440808,0.976787842724885,0.9981236645025902,0.9979327006541565,0.9571191611031711,0.9776625560505446,0.9976814133125583,0.9979682821729211,0.957163315043428,0.9778221614837074,0.9974912593814725,0.9979787673672887,0.959940538546334,0.9788306540655709,0.9976911572602478,0.9982077272527414,0.9557198098929194,0.9772119923367094,0.997713130203305,0.9978322768874599,0.9919279611879035,0.9576341667642758,0.9465756249268343,0.9920047440947012,0.9582191997015398,0.9470079590898012,0.9920085163305808,0.9608471571309701,0.9503779734971011,0.9920069729894515,0.9562156806001278,0.9445400106678454,0.9788022381059004,0.9683523828816676,0.9792956324589142,0.968800031531318,0.9805804150415602,0.9704862112059823,0.9780146907618832,0.9672473132698898,0.9973536594200398,0.9972680993722495,0.9974251350028168,0.9973273841068019
23,0.9993023943045449,0.9493091546609441,0.9745368602832546,0.9979820464635292,0.9979558044878308,0.9992395572679582,0.9494783808844609,0.9747489846439352,0.997991266672618,0.9979643779645698,0.9991845982328551,0.9526074700347532,0.9765692447534995,0.9984177782003524,0.9980436735322376,0.9993018330785931,0.9473216637728652,0.9733798462154539,0.9978695930353095,0.997848427914105,0.9491727753352136,0.9744491624050731,0.997406800697433,0.9977314717887232,0.9492306774602239,0.9745456871971162,0.9972007418102572,0.9977204037128427,0.9523136732017511,0.9758175483180505,0.9973888553698345,0.9979676061147941,0.9477328183606007,0.9738692474368456,0.9974260617796112,0.9975802400681612,0.9903950657375159,0.9496484378558803,0.9373753838753668,0.9904492173830913,0.9500349030562291,0.9376889043413174,0.9904755219925719,0.9527663883119073,0.9414301776826962,0.9904695593381857,0.9480911557550216,0.9352308674281392,0.9755159191114545,0.9638036356228511,0.9758620233537249,0.9641171453493022,0.9772955255716024,0.9661260325517776,0.9745194481628032,0.9625676863267111,0.997015731530544,0.9969277011469909,0.9971086148924235,0.9969632076066557
24,0.9994062692098499,0.9512374543102138,0.974300157798022,0.9979910459909818,0.9979771617605634,0.9993317471072605,0.9514823825272419,0.9745157251155508,0.997981066280931,0.9979877477288611,0.9992459555422618,0.9545253914016929,0.9764153688238211,0.9984202370071834,0.9980304278289155,0.999403006790538,0.9493142383932516,0.973121754780305,0.9978499416391605,0.9979065901970228,0.9522657525586149,0.9751718914467253,0.9970087186154045,0.9977202357453436,0.9523697984779819,0.9753339504718265,0.9968156193628289,0.9977188754932036,0.9550627867717135,0.9765164353130408,0.9970622265663166,0.9979535480057956,0.9509341963037833,0.9746410976686213,0.9970061553232553,0.9975746487825129,0.9916815307897631,0.9518034901807001,0.9406126587843912,0.9917859632305365,0.9523672987356397,0.9410102597366067,0.9917178351801617,0.954911043140114,0.9443149049904772,0.9917733844059717,0.9504577637546049,0.9387015925264945,0.9750828293425445,0.9647722232888113,0.9755495152431791,0.9651833324577502,0.9770680215415759,0.9671111463492663,0.9741990701707234,0.9636069751455075,0.9970388011351059,0.9969425219512484,0.9971228728614665,0.9969959527556334
25,0.9994771353524725,0.9589520035974632,0.9788044507776912,0.9982455787348784,0.998108321228751,0.9994341832140813,0.9591238628515051,0.9790411508385752,0.9982677646874916,0.9981839402135766,0.9993773775336456,0.9621851183212254,0.9806583172637393,0.9986424126752759,0.9982129131225034,0.9994436255879956,0.9573076878705059,0.9779260635891552,0.9981603490597247,0.9980196683399494,0.9589700098172363,0.9789636099502318,0.9974900207561157,0.9979338299485524,0.9590152458922729,0.9791456532507801,0.9973560368350721,0.9979624983338579,0.9617345279396656,0.9801077508366272,0.9975837290612334,0.9981984782118715,0.9575588313112469,0.9785075853534203,0.997460772302852,0.997780148215932,0.9917095629891072,0.959325744593747,0.9492713487520831,0.9918382323965095,0.9599089596937561,0.949685756326019,0.9917939332896732,0.9624196406700114,0.9530021224409277,0.9919332898457071,0.957959703905494,0.9473899192859895,0.9792129551773614,0.969979922138496,0.9796895778619598,0.9704569074755396,0.9808995047699587,0.9720277873618629,0.97836753292436,0.9689654326222398,0.9975426445649175,0.997468484541616,0.9976071332384853,0.9975147540839077
26,0.9992282250379729,0.9587063257478928,0.9782825688926096,0.9984244461739126,0.9980796714816036,0.9991766703168635,0.9588453303355403,0.9785427573548542,0.9984315571260713,0.9981655921449734,0.9991468815715847,0.9620015218923497,0.9800761400625131,0.9987898271819633,0.9982153969010176,0.9991390709366739,0.9568135750696543,0.9773259560383587,0.9983269368877794,0.9979998364110935,0.9588631526729696,0.9793176633546621,0.9973113623772608,0.9976649213786157,0.9588614084324935,0.9795200200148502,0.9971411662557396,0.9976702973123959,0.9617154743748815,0.9804716644596339,0.997371702592716,0.9979403348423823,0.9574055741440423,0.9789059833791719,0.9972307506831674,0.9974687891095751,0.9910010985190193,0.959297098143416,0.9489925514533916,0.9911493616344174,0.9598228372881127,0.9493546790503848,0.991085978082766,0.9624259779292327,0.9526996099676923,0.9913254672553607,0.9579023128668492,0.9469911342349767,0.9786650477967366,0.969439771304424,0.9791355327250152,0.969945215036635,0.98028871325693,0.971493747152055,0.9779092979895675,0.9684737648967496,0.9976223515357446,0.9975440057022511,0.9976916054343742,0.9975935140216609
27,0.9995334502090922,0.9526626994358446,0.9755865034175557,0.99811971940996,0.9980688565257559,0.9994940149010105,0.9527860921586203,0.9757248348735401,0.9981239966239829,0.9980594953701681,0.9994087755869795,0.9557924648880033,0.9775869188513142,0.998524784537521,0.9981099201569045,0.9995273472964531,0.9508387673595843,0.9744794746981587,0.9979942493126513,0.9979786336842794,0.9538206620171205,0.9761184107788243,0.9977907488650901,0.9978827557149055,0.9538230802632315,0.9762040776155987,0.9975919754452983,0.9978452078247737,0.9565360966177165,0.9774110928452544,0.997765951539678,0.9980928544385619,0.9524299418653142,0.9755778827210067,0.9978005680784409,0.997678977343819,0.9916999257902598,0.9532927967558391,0.941454721389866,0.9917700013822013,0.9537713900904611,0.9417241090940369,0.9917265045200149,0.9563821083489119,0.9452079749483192,0.9918136441313731,0.951839489152814,0.9393562362875214,0.9764016752990101,0.9651976447193181,0.9767639881985172,0.9654420248333044,0.9783081538276281,0.9675082261482215,0.9754538179718039,0.9639073744866314,0.9973117510693673,0.9972303251454155,0.9973904770827161,0.9972845396806718
28,0.9995023106396268,0.9544348004793543,0.9764817169700798,0.9983579468075441,0.9982335926579494,0.9994398045394797,0.9546604417498533,0.9768153127561969,0.9983364910668369,0.9982709256504163,0.999359942999962,0.957727305548969,0.9786148956289765,0.9987132354909973,0.9982517469111771,0.999498112493706,0.9526687366825207,0.9755278358299203,0.9982898724885952,0.9981516176945051,0.9549750778786558,0.9765034907411715,0.9974802385035395,0.9978957213382549,0.9550034333941437,0.9767279411068986,0.9972747236362259,0.9978848855066549,0.9576856183300108,0.9778067163349397,0.9974601941842554,0.9981119117411152,0.9536295658931967,0.9760543514132678,0.9974831272022693,0.9977252239592399,0.9919980909515626,0.9549791100830484,0.943546223847012,0.9920890369165505,0.9556498233424963,0.9440418015635331,0.9919882401234239,0.9581760620858717,0.9473704021976928,0.992114676289724,0.9535972609486915,0.9416290631555126,0.9769192146207146,0.966804260338832,0.9774732339121314,0.9673812092119171,0.9788761189136305,0.9691279622365329,0.9760584984103895,0.9657746255232927,0.9973882434661314,0.9973029640683165,0.9974261602356953,0.997368333908873
29,0.9994750272169959,0.9550932706002376,0.9761744167232734,0.9982656614846982,0.9980542627896225,0.9994400249387791,0.9552501082920508,0.9764509116349914,0.9982572943217259,0.9980707983288551,0.9993573042098985,0.9582778006134129,0.9782851189385907,0.9986295832379567,0.9980999510162798,0.9995116650268729,0.9533324308523737,0.9751789820175301,0.9981903076674206,0.99796722074732,0.9554413208288658,0.9761029296421158,0.9975920935230633,0.9980103369357107,0.9555486465122756,0.9763809700972672,0.9974419710001832,0.9980413692274078,0.9581637002719581,0.9774821550887065,0.9976016610742813,0.9982351399454151,0.9541843747107854,0.9756737284621131,0.9976122851397893,0.9978582277421054,0.9928303398812798,0.9558758998848053,0.944005055108863,0.9928914428858872,0.9565685167865264,0.9445078493627952,0.9927911542838712,0.9590232133016717,0.947777109297578,0.9929350191069494,0.9546654053489517,0.9421321282044369,0.9768488618753879,0.9661978044453226,0.9774598907281572,0.9668333053190467,0.9788421124307303,0.9685997080559744,0.9760869915723227,0.965166902112229,0.9974224351754827,0.9973484025312322,0.9974804531451807,0.9974209889003832
30,0.9995052969155761,0.9525026991400125,0.9758005914146829,0.9980278607742843,0.997657611525989,0.9994244828249451,0.9527969240140572,0.9761959163126767,0.9980273673151484,0.9976621207983313,0.999339757021423,0.9560778816148598,0.9779187074294138,0.9984426195627405,0.9977539395178282,0.9995052286826802,0.9506467902449964,0.9748575404877521,0.9979093192922077,0.9975554214132477,0.9531313118658827,0.9760535899798523,0.9973105840278076,0.9975597967696364,0.9532615920892745,0.9763641889083836,0.9971221525143957,0.997569401362583,0.9561151276468209,0.9773589369479024,0.9973046065780705,0.9978263080708049,0.9517334600226374,0.9756268883449978,0.9973621710429416,0.9974160417907059,0.9916390014884263,0.9524440693402575,0.9415257246597569,0.9917268973778298,0.9531453488312165,0.9420939056339411,0.9916587765240416,0.9559137764183814,0.9457071550727311,0.9917590233061934,0.9510211689075067,0.9395319391352417,0.9762050403558894,0.9654337405573854,0.9768043904554525,0.9661472628235019,0.9781175997657362,0.9678041696821772,0.9754282961734911,0.9644702525213112,0.9973627818329202,0.9972862546797368,0.9974052572608109,0.9973572173658769
31,0.999472419692191,0.9567800263644844,0.9787007480934218,0.9981737074110215,0.9980055206432272,0.9994523420481701,0.9569534132754901,0.9787644729402825,0.9982231348716049,0.9980487865284111,0.9993818630095057,0.9601248006462676,0.9806660868024227,0.9985993006659495,0.9980935020772504,0.9994760769579558,0.954851547563692,0.9775549856903447,0.9980654621820912,0.9978870219184719,0.9575712261876754,0.9786819538002408,0.9979172745786418,0.9981444420325838,0.9576320985018998,0.9787408330760683,0.9977647374551051,0.998149316770296,0.9603736765379869,0.9798861160677906,0.9979097767808186,0.9983495260442192,0.9561576218236532,0.9781325531532438,0.9979490039482525,0.9979922726604364,0.9917499784099796,0.9573579838807353,0.947169582885683,0.9918241567601175,0.9578618608476159,0.9475504545192552,0.9919111620174667,0.9605471971863531,0.9509125160794674,0.9918091954251509,0.9558321519872605,0.9451222750607793,0.9794999364279513,0.9696874804818162,0.9798310658845819,0.9699629056357353,0.9813484412177276,0.9718801624536758,0.9785091587542308,0.9684524774550666,0.9974551690450715,0.997366444470085,0.9974905110474181,0.9974171334574924
32,0.999595499099986,0.958373152102747,0.9789855034389519,0.9984444533826868,0.9982757863075655,0.9995091867459169,0.9584606189105508,0.9790964695900526,0.9983972233922109,0.9983281106186286,0.9994346129624345,0.9614085608383056,0.980820986963332,0.9987595037988478,0.9983280643612158,0.9995976384138586,0.9566774791599928,0.9779701665952494,0.9983588219891001,0.9981988434525708,0.9583894583405353,0.9789363093126952,0.9976878865670864,0.9980954802450599,0.9583800292244529,0.9790363901392941,0.9975080379135537,0.9980832515425765,0.960976942118295,0.9800837811955877,0.9976703321738244,0.9982853919564101,0.956976914642458,0.9783858821896674,0.9977090834170583,0.9979399404349902,0.9922409262348193,0.9585521236163376,0.9486638263226911,0.9923549590712701,0.9590724831161067,0.9489972323875414,0.9924319108279962,0.9614893321837299,0.9520971990578073,0.992350017593429,0.9572179127803934,0.9468050451250267,0.9794058126315004,0.9701531391154683,0.9798341249262073,0.9705156999578384,0.9811023140966566,0.9721910913194778,0.978541327376724,0.9690097545398907,0.9976384921269202,0.9975455114534155,0.9976656476436663,0.9976266205947691
33,0.9996306265837855,0.9586696813486582,0.9784254971855217,0.9985545431497873,0.9985715370924612,0.9995463068613963,0.9588020591741357,0.9786039318536243,0.9985067757683077,0.9985877718769864,0.9994762613011532,0.9616933467124058,0.9803223127434348,0.9988341048398439,0.9985570618527518,0.9996337916236611,0.9569797255400465,0.9774307765982835,0.9984627612115479,0.9985107579499123,0.9586775205438391,0.978325951863709,0.9976419498306803,0.9983700808856547,0.9586696987107829,0.978468267422732,0.9974462035853049,0.9983822739806889,0.9612739295815697,0.9795532183498659,0.9976251857890868,0.9985527733217537,0.9573538752271126,0.9778239685451636,0.9976225953113289,0.9982459057200159,0.9925393694266529,0.9594188771461113,0.9488351966519079,0.9926329426317864,0.9599279926066956,0.9491820741963192,0.9926185244312433,0.9623706962686233,0.9523468040650723,0.9926313957527901,0.9581928406517581,0.9470026335857625,0.9787308568309022,0.9697085538879054,0.9791784898468061,0.9701495633314564,0.9804665246211898,0.9718154909382718,0.9779050163672324,0.9686291030550794,0.9977041214170088,0.9976246427877633,0.9977405892229094,0.9976949346790518
34,0.9990705670271814,0.9610198845558048,0.9783357995719305,0.9989340693394236,0.998597387046795,0.9989582053218882,0.9610750745144794,0.9782925294417065,0.9989205418900603,0.9985791943879522,0.9989769814184586,0.9640304011256415,0.9798797906242757,0.9991965539109504,0.998561425759153,0.9989178779816835,0.9591616137686017,0.977256228812231,0.9988815454930452,0.998531478895739,0.9605439717688554,0.9803657262715696,0.9973896015366901,0.9974349046488499,0.9604786416269057,0.9804117428650727,0.9972545615231001,0.9973809008671949,0.9632793748833742,0.9813437350980834,0.9974749474740076,0.9976705421157631,0.9589785341004428,0.9799206415904353,0.9973013773648187,0.9971009539729624,0.989380610357731,0.9622412799324574,0.9520176239910022,0.9893676128721907,0.9626825387943271,0.9522809854357794,0.9893723405308572,0.9650887510077637,0.9554791512532583,0.989591664857576,0.9609066700750724,0.9500536589397319,0.9793142090588319,0.9696658859552487,0.9796037761078716,0.9697772118092084,0.9807200029412533,0.9713753895781372,0.9785299159502676,0.968471881511339,0.9976758699434433,0.9975917982802278,0.997719907117266,0.9976468428691329
35,0.9994731395020078,0.9493240822752531,0.973540260223644,0.9983870760718023,0.9980853080992397,0.9994217791467682,0.9495400049243139,0.9736940891882445,0.9983688086405174,0.9980878192740811,0.9993199445341362,0.9524677365842588,0.9757260078328802,0.9987742401183597,0.998123385359559,0.9994898545645078,0.9475179809957254,0.9723762071134959,0.998294334744926,0.9979709105756059,0.9506142283774319,0.9743272348714307,0.9976992919986658,0.9976693634011574,0.9506544873436712,0.9744025311497383,0.9975228898653925,0.9976677643954969,0.9533189471806799,0.97575248290534,0.9976753586378101,0.9979123216245807,0.949301231214551,0.9737097700583672,0.9977838883402539,0.9975080843056696,0.9920382250791381,0.9503111908950581,0.9375302278476002,0.992066072497681,0.9508874630745157,0.937936132299466,0.9919872575530275,0.9534165368149604,0.9413157884897919,0.9921376922557419,0.9488832531701714,0.9354878342923618,0.9750194075833221,0.9630173876957295,0.9753680962337001,0.9633236259231213,0.97706557549465,0.9655287441987105,0.9739459915387569,0.9616715792541358,0.9973150899189078,0.9972283719890473,0.9973809058689171,0.9973101518575145
36,0.9994764293438184,0.9588251222164685,0.978299067244918,0.9983034536573046,0.998161380368007,0.9994175929499052,0.9589902283223455,0.9786092328785941,0.9982884040136171,0.9981782042294929,0.9993702092002048,0.9621309243585702,0.9803042203576854,0.9986818159791006,0.9982335352160242,0.9994733266736111,0.9570597545707578,0.9773677804267193,0.9982105947772967,0.9980718734322864,0.9593375162165301,0.9787663740309278,0.997484825442424,0.9978359477746829,0.9593261377634207,0.9789629962833041,0.9973030858763366,0.9978440272401768,0.9620078831407778,0.9799106381639191,0.9974983796568394,0.9980812302145787,0.9579680415734563,0.9783288889628071,0.9974662124929399,0.9976706112043958,0.9924143759028535,0.9605824897038989,0.9493368413183405,0.9925985247521592,0.9610314532845129,0.9495940379631701,0.99257788921994,0.9635494341087254,0.9528899510347159,0.9925270387448045,0.9592237984046437,0.9473725996469947,0.9791818690488007,0.9693115961172302,0.9796750944462147,0.969862748293551,0.9808955619097609,0.9714346991404841,0.9783673587267349,0.9683284546718667,0.9977835441278726,0.9976957715262609,0.9978162710851611,0.9977671938421415
37,0.9996285596882978,0.9609173925983852,0.9804246985387316,0.9986581286414171,0.9983440187476212,0.999597906318261,0.9610332755825886,0.9805599480932432,0.9986719537612273,0.998437386410906,0.9995287170556985,0.9639054878887724,0.9821635517363668,0.9989981021225857,0.9984537968007664,0.9996188481902283,0.9591525499912402,0.9794876325145115,0.9985681362538309,0.9982590561748312,0.9610620264962102,0.980369587109762,0.9981434034053067,0.9983329501399162,0.9610570254955292,0.9804881974823758,0.9979993816487565,0.9983402825065288,0.9635856724931718,0.9814439950489502,0.9981517069763461,0.9985261345185587,0.9596884426005631,0.9799573388305939,0.9981748998218763,0.9981870280166842,0.9925457872833761,0.9621427496607787,0.952106305558725,0.992605789284925,0.9625957440794101,0.9523692937558647,0.9927152664111384,0.9649768512332081,0.9553606385985188,0.9925864403887543,0.9607946443731971,0.9501486013258513,0.9813805724425543,0.9725421779358198,0.9817851079218965,0.9728717703702436,0.983009257144121,0.9744488289495331,0.9806161791885485,0.9715065580517,0.9979402046812317,0.9978670684067923,0.9979641206824066,0.9979437939050214
38,0.9995972348386585,0.9540467718975889,0.9762938188444091,0.9985616907038455,0.9982149054735595,0.9995851565245732,0.954280975333815,0.9764976564092718,0.998604006359831,0.9982713289522417,0.9994990948267352,0.9571658628041035,0.9783969274952845,0.9989523961059968,0.9982743903060459,0.9995891906278689,0.9522760988090911,0.9752156296545839,0.9984988624165528,0.9981254401418995,0.9548946331020117,0.976893323004522,0.997921001123626,0.9979904727459776,0.954963574760827,0.9769966106476455,0.9977615024368892,0.9980028204448319,0.9573826369834726,0.9781172715609958,0.997904662727083,0.9982067878427561,0.9536338234395797,0.9763728975201637,0.9979728965547884,0.9978253897645986,0.9920114505014479,0.9551417422535345,0.943639644112896,0.9920319986032599,0.9557360133112146,0.9440339219129903,0.9920291360640878,0.9580724241099867,0.9470697735696848,0.9920806540687558,0.9538163383692329,0.9417353632385143,0.9778878281605301,0.9669367552801483,0.9782785579456071,0.9672807867848467,0.9797580091172824,0.9691497363850098,0.9769531248645114,0.9657423467125036,0.9973628004280402,0.997283499742779,0.9974095955269158,0.9973514755775367
39,0.9996061332627265,0.9500458765658208,0.9744242211142381,0.9985982872499324,0.9982004504605168,0.9995783739943511,0.9501386534680196,0.9745607214882799,0.998602537067613,0.9982205108906688,0.9994694948845957,0.9531030095426297,0.9765010189729814,0.9989288163579927,0.9982312312729296,0.9996008717777142,0.9478886178759413,0.9731634153996789,0.9985074828108329,0.9981355926357828,0.951692381178904,0.9754636794285292,0.9976052539713413,0.9975714859199544,0.9516725730594192,0.9755495916638323,0.9974604174425317,0.9975635177633377,0.9544074174336009,0.9768742927021637,0.9976366754390316,0.9978275431908236,0.9501396302422607,0.974820530856297,0.9976168227687818,0.997365066102618,0.9919614043809628,0.9498974091751289,0.9374599767131672,0.991954755783985,0.9503245924110091,0.9377001647935976,0.991867321803095,0.9531294268999073,0.9413368704861464,0.9920222311873981,0.9481488026460715,0.9351502274563334,0.9748756220387735,0.9634473471263353,0.9751555257427037,0.9636856221152128,0.9768844014182183,0.9659085474839912,0.9737141594565015,0.9620407356296008,0.9974476396375652,0.9973701376130323,0.9975298862817166,0.9974438197910851
40,0.99948901472169,0.9513522673911414,0.9747027007643225,0.9984074174067018,0.9981821683623708,0.9994282350442564,0.9515634278674714,0.9748332526172432,0.998400533244787,0.9982770809640935,0.9993289759798586,0.9543974346818355,0.9768137780983823,0.9987723955611488,0.9982873395082501,0.9994777250260324,0.9496765291539491,0.9735569106153671,0.998314453885463,0.9980833609586116,0.9523790274681629,0.9753652606390183,0.9978423691208557,0.9980965406898993,0.952471363831047,0.9754447855295224,0.9976738121665598,0.9981131472185459,0.9549396671773306,0.9766780050808644,0.9978000226829528,0.9983030481579087,0.9511741181086676,0.9747684201664751,0.9979266789526327,0.9979708054007027,0.9922738977861975,0.9534387893456695,0.941318235202002,0.9923337798293583,0.9541057744773809,0.9417544295011053,0.9923269771457973,0.9563074778921645,0.9446994982068674,0.9923732123614718,0.9522623361189139,0.9394407682087944,0.9769560559716135,0.9659771787239311,0.9774215532890713,0.9663162849443567,0.9788901171071066,0.9682544493300713,0.9760650612482348,0.9646720130022024,0.9974161938410909,0.9973255729386319,0.9974256233071249,0.9974182511867192
41,0.9995944000765017,0.9530026030062448,0.9756911841227526,0.9986360974403042,0.998217055630321,0.9995816161031364,0.9531478423170369,0.9757868804336387,0.9986553785777434,0.9982768532298715,0.9994845443016298,0.9559942393332777,0.9776829440022275,0.9989774071905244,0.9982694760137127,0.9996016893353189,0.9512095411404025,0.974535478103996,0.9985681453045844,0.9981295313153153,0.9540001431138456,0.9763856424885418,0.9978348019400954,0.9978452469548228,0.9539744644074575,0.9764069007601434,0.9976709109370305,0.9978427290124843,0.9565334543429713,0.9776547444386426,0.9978138825529936,0.9980488605045854,0.9526757930812385,0.9757639229947556,0.9978472173456653,0.9976599125326088,0.9922709638814767,0.9542370263051105,0.9425704981937307,0.9922572060767588,0.954747941296032,0.942846258730156,0.9922421953446302,0.9570844883025117,0.9458624060914211,0.9923781801241851,0.9527985762032846,0.9404728619684135,0.9766508258683505,0.9660729007729592,0.9769286706487805,0.9662976887641813,0.9784776936412526,0.9681877671103662,0.9755479835461844,0.9646936471512969,0.9977595461603005,0.9976785021736614,0.9977641255217534,0.9977675766630514
42,0.9995034850338481,0.9519190909766486,0.9754237588763796,0.9986262739969205,0.9984028764193422,0.9994377130813629,0.9521439265248395,0.9756009875390377,0.9985859331161396,0.9984501748987037,0.9993696959679764,0.9550665557023564,0.9776258928435321,0.9989328930103142,0.9984240179565974,0.9995012095337558,0.9500668988274525,0.9742165492311478,0.9985559318261946,0.9983288407150277,0.9530043334274196,0.9758082221333434,0.9978479195927166,0.9981421189202051,0.953150114231228,0.9759605446977444,0.9976680607408396,0.998140105668314,0.9556569690691757,0.9772262836079496,0.997816218475571,0.9983284790300571,0.9518036756154363,0.9752370998824127,0.9979236796767671,0.9980017736957258,0.9921147718756722,0.9522542502054421,0.9406008995938882,0.9921956378852143,0.9529471303740588,0.9410936869316631,0.992132138618121,0.9554279590810008,0.9442125170011383,0.9922312587304486,0.950966005930646,0.9386523660035168,0.9766032698249048,0.9658880231933803,0.9770808369346566,0.9662926419762742,0.9787263791503304,0.9683316442083086,0.9756210035650523,0.964583171196223,0.9974447751220492,0.9973668278522865,0.9974693787818509,0.9974490353018046
43,0.9994875594659925,0.9473026004512339,0.9729680216720443,0.9985114619511493,0.9981189870524046,0.999427595348463,0.9474562127189468,0.9731043890387596,0.9985087526150392,0.9981826876002214,0.9993279297444414,0.9502668015884324,0.9751060087283684,0.9988758570189413,0.9982648749158641,0.9994431442338311,0.9453832539958414,0.971674819237029,0.9984146031142057,0.9980090417765772,0.9500542202016148,0.9746337867120792,0.9977211700405284,0.9975775704290124,0.9501522152526549,0.9748041338005504,0.9975442400383252,0.9975395986007525,0.9526177724650452,0.976050146641393,0.9976697490566201,0.9978227229615998,0.9488426601509549,0.9740998135245867,0.9977674915410949,0.9973526476359814,0.9919287313626318,0.9483022852136412,0.9356554994030853,0.991963560148768,0.9487921491016449,0.9359202437244952,0.9919094463129735,0.9511041789974174,0.9391894196176384,0.9920194793956252,0.9468040848420142,0.9334369831510059,0.9745562766696227,0.9627427324770597,0.974921258872933,0.9630162659430442,0.9765074098770244,0.9652824229790298,0.9734556142433729,0.9612384129949179,0.9972639271971755,0.9971799717065447,0.9973102349658288,0.9972492466433149
44,0.9996972937423468,0.9595086971981035,0.9790442979989304,0.9987975699220466,0.9983369990632538,0.9996350273185349,0.9596543141267599,0.9791054386258844,0.9987941778178895,0.998385975847307,0.9995671029849008,0.9624403344373804,0.9808554801997273,0.9990968500555266,0.9983746863179686,0.9996747204826558,0.9579682712151361,0.9779906553045747,0.9987283604857504,0.9982702234897763,0.9600227416138909,0.9791025517907672,0.9981778965652475,0.9981873742882507,0.9600286720946243,0.9791618118491328,0.9980346316191473,0.9982138521468683,0.9623815708653363,0.9802120835204778,0.9981604513510623,0.998413880391578,0.9587878826403793,0.978507502135272,0.998260908474828,0.9980704033364842,0.9929129446465114,0.9611641096858462,0.950387982529744,0.9929043083183188,0.9617466061091173,0.9507775178178038,0.992963587007713,0.9638773967509388,0.9535959158678593,0.9930060317431251,0.9600435421891281,0.9486540075855424,0.980602207490639,0.9703845248774077,0.9809618746675396,0.9706796690107997,0.9822143320317253,0.9723637119411906,0.9797325171321197,0.9691836670383033,0.9975740582702569,0.9974957123986292,0.9976172561358944,0.9975719251541768
45,0.9998044914020155,0.9630352314542368,0.9813645478057725,0.9985418592902678,0.9979937021390629,0.9997662857374391,0.9631290207238578,0.9815765984585951,0.9985369286140552,0.9979910867963966,0.999672994659475,0.966203807983975,0.9831567544594553,0.9988647882901539,0.9980742769156433,0.9998034941392064,0.9613653485963144,0.9804729425793667,0.9984389938069419,0.9978483059363855,0.9632849342236778,0.9809593415068075,0.9980735435041153,0.9982389474755015,0.963206840855877,0.9810717890761141,0.9979289489700746,0.998223822869302,0.9658473836677699,0.9819788138916061,0.9980685751375149,0.9984319373410935,0.9618635040984669,0.980459566835626,0.9980998589574163,0.9980834366739678,0.9927628973825928,0.9648526136228955,0.9544990042264851,0.9928945702119679,0.9652615637799663,0.9546675189147902,0.9929892995807951,0.9676077105888565,0.9578425536840328,0.9928994560543798,0.963539420448918,0.9525266684609537,0.9822784319445891,0.972638388801669,0.9826942863547978,0.9730330888143595,0.9837396119364483,0.9744866034424106,0.9814894929118462,0.9715788874547229,0.9978330791395313,0.9977462637010983,0.9978696754970608,0.9978044969393938
46,0.999565481604221,0.9454550297075364,0.9734207275979432,0.9986076973482941,0.9983656175113346,0.9995594756227755,0.9455084967577275,0.9735847124440867,0.9985892053832299,0.9984522887254244,0.9994772844191552,0.9484173903699633,0.97550408022157,0.9989401976622772,0.9984825662961735,0.9996018076777451,0.9432628130488823,0.9721267061860212,0.998533531188956,0.9982929191378723,0.9447586396763222,0.9731567071752318,0.9982577314780702,0.9983438776370319,0.944823686554402,0.9733930000485673,0.9981089700274285,0.9983549240937487,0.9479269034682268,0.9748730013648492,0.9982091057895399,0.9985283711156978,0.9433301203182097,0.9725844957740527,0.9983649264219424,0.998207656054533,0.9909397557053997,0.9464273496092812,0.9328768999572475,0.9909240615038651,0.9466099646959132,0.9330700217334652,0.9909330725463135,0.9493401799555449,0.9367851762068715,0.9910028057120396,0.9446159915339031,0.9305064908813545,0.975296846654818,0.963374987105358,0.9755856869499094,0.9637438841038689,0.9771964908579168,0.9659990195345485,0.974137094331317,0.9619720547948017,0.9975701509534387,0.9975021238453391,0.9976381368143414,0.9975900817397231
47,0.9996077612423526,0.953370554306798,0.9763774265373641,0.9986648368918981,0.9984275099513835,0.9995697312078583,0.95343918533986,0.9764696497812961,0.9986406777351157,0.9983944022134275,0.9994938949077131,0.9563484300654426,0.9783176865819674,0.9989456360469599,0.9984278010525632,0.999592432323874,0.9511676468891183,0.9751219765324529,0.9985790253441752,0.9983385223421226,0.9548029300101044,0.9773609121251455,0.9978621712562377,0.9980399073126506,0.954689722560541,0.9773779342196434,0.9976845603383384,0.9980060548572148,0.9575123934826129,0.9787536221959423,0.9978290506986387,0.9982150065183512,0.9531069474008346,0.9766897597029465,0.9978239051880332,0.9978192841089155,0.9918736411948802,0.953830896178971,0.9423287511172689,0.9919774699621956,0.9541182639087615,0.9423412939770118,0.9919640577039455,0.9567524742759373,0.9459620196824456,0.9918782007463072,0.9520440092546288,0.9398432488745524,0.9765236100322328,0.9665717058497835,0.976734981586617,0.9667028390210473,0.978355621588615,0.9688904116830431,0.9753772547449098,0.9651018278679797,0.9976743291793108,0.9975917357572693,0.9977224375927445,0.9976465282122184
48,0.9996192503925021,0.948733475291447,0.973688589827484,0.9988947955471728,0.9987534418272389,0.9995518518965989,0.9489470016009129,0.9738869617196392,0.9988486785076746,0.9987754829143403,0.9994267275225479,0.9515824425260171,0.9758758891825836,0.9991467807425146,0.9986954156866351,0.99963000241395,0.9467884019334772,0.9724512059965772,0.9988241853061921,0.9987362597504583,0.9501917787448632,0.9744928866078878,0.9979468042480469,0.9983007258882796,0.9502873486578814,0.9746501312473546,0.997807012337467,0.9983155651674652,0.9527198986395348,0.9759633143955901,0.9978987586312866,0.998486104551419,0.9487994105705827,0.9738746307184375,0.9979930412441617,0.9981499536796702,0.9922241735245777,0.9484231941225225,0.9368616635886213,0.9922597420000644,0.9489615757471586,0.9372074478047095,0.9920868009086847,0.9513300133389866,0.9404230051706207,0.992313034875445,0.946862692168799,0.9347493005643813,0.974715495646591,0.9640565972510041,0.9751411149037936,0.9644567605371045,0.9768047335849788,0.9666200931194234,0.9736296233014258,0.9627393397397614,0.9975944701331657,0.9975085897470842,0.9975823017154062,0.9976109481906834
49,0.999642548871428,0.9507804279320171,0.9748324628054746,0.9990006572055891,0.998674372795676,0.9996220856530642,0.9509006351484398,0.9749466434513624,0.998964530752512,0.9987308436685063,0.9995096148312976,0.9535111390212758,0.9768315567365563,0.9992329200575835,0.9986837953947806,0.999652351323018,0.9488555164913056,0.97362089383435,0.9989491052201678,0.9986423818104664,0.9525400852545309,0.9761616898906612,0.9982560442927073,0.9980312540709224,0.9525207827508413,0.9762520743272215,0.9981410807664809,0.9980519299844819,0.9549731721001642,0.9775155414537575,0.9982177467760541,0.9982570197987666,0.9511286636307005,0.975554818675306,0.9982865070737598,0.9978557023569862,0.9920978835984042,0.9505455822010923,0.9392942983703929,0.9920998939970891,0.9508971138751148,0.9395219400568827,0.9919698038952033,0.9533750383303804,0.9428255099680809,0.9922042085961313,0.9488466431796522,0.9370592833258647,0.9757535643139701,0.9652995545028367,0.976018796063999,0.9655404619021658,0.9776560067139682,0.9677358575887874,0.9745639834434768,0.96389092604988,0.9977226320595773,0.9976521177162129,0.9977506253068908,0.9977369833336203
50,0.9997326392348925,0.9619726457118731,0.9805249979971385,0.998968303971066,0.9986270770849438,0.999709456306581,0.96205254182048,0.9806107565996856,0.9989753192337626,0.9987164874466422,0.9996180414706566,0.9647132552316484,0.9823150661109243,0.9992144774847779,0.9986275325221383,0.9997548346925117,0.9603455300623233,0.9795344042512454,0.9989190850347657,0.9986033102318681,0.961725244075624,0.9804449325165596,0.998209693662963,0.9983679306125406,0.9617355736788733,0.9805551782441239,0.9981221756586669,0.9984065247605987,0.9640579623666115,0.9815571863346589,0.9982256794986215,0.9985803836179323,0.9604699638402977,0.9799497577616102,0.9982229379418028,0.9982159441017745,0.9931725951664865,0.9625222013552177,0.9526644176427718,0.9931729625344877,0.9630245827027235,0.9530107145694839,0.9931203333230818,0.9652246781016234,0.955885879254843,0.9933106054841736,0.9611888473382727,0.9508917555806025,0.9814542165669318,0.9723056928661197,0.9817848634107988,0.9726160659782178,0.983056043407398,0.9742662534539017,0.980516926981977,0.9712119505677591,0.9978639426237055,0.9977939631387562,0.9978821506976587,0.9978780992925487
51,0.9996398273560867,0.954931629017208,0.977089792289421,0.9987455577491448,0.9985874057162697,0.9995759682921461,0.9550261361273205,0.9771395285426867,0.9987430563427342,0.9986797128999196,0.9995079727643286,0.9581958944641468,0.9791481540186505,0.9990616766154734,0.9986369014293838,0.9996138805340393,0.9529080610980015,0.9757657542553828,0.9986659426427311,0.9985440726587443,0.9554702926996378,0.9775539646520527,0.9980753252285579,0.9981271621346178,0.9554721198258963,0.9776313299949249,0.9979124202506708,0.9981377875448455,0.9582116234948697,0.9788569257031157,0.9980393961750131,0.9983323771707501,0.9540466560784322,0.9768797071716503,0.9981422901206598,0.998009182070118,0.9921467095667841,0.9565628144684628,0.9448348819763095,0.9921301209861453,0.9570699885088122,0.9452055200172901,0.9921981350269085,0.9595996443839953,0.948449976997332,0.9922541357384751,0.9551547540666034,0.9427754465521837,0.9789645793275271,0.9682994306728064,0.9793281369244974,0.9686227734264979,0.9807816733143941,0.9705480599653311,0.9779490231694629,0.966950032168322,0.9978539430461336,0.9977743086937895,0.9978340210247942,0.9978613926030333
52,0.9993731230368058,0.9664985977214317,0.9818318403405804,0.9991867712624418,0.9990679092640573,0.9993077565207531,0.9665250588578566,0.9819866690008252,0.9991562421187351,0.9990785145859156,0.9992801937606323,0.9691760586617628,0.9832519019219308,0.999396029710537,0.9990221736314285,0.9992462405895404,0.9648131199968677,0.981057545337113,0.9991310662480171,0.999023785670678,0.9661757780212793,0.9831944732992358,0.9980213592421566,0.9986182930123463,0.966072372592011,0.9833145295119278,0.9978781503388523,0.9986481668912012,0.9685466048344797,0.984083934361391,0.9980524721471563,0.9987876788547446,0.9646737554070951,0.9828511489966304,0.9978897567335224,0.9984239312435803,0.9917422456567573,0.9673546230232003,0.9587232630303323,0.9919017452555678,0.9677078053098854,0.9588825796724845,0.9918439197510125,0.9699628118389835,0.9617147484029693,0.9920960070804132,0.9659887749369848,0.956850686636876,0.982854339580231,0.975408568470263,0.983187704830119,0.9758220290632578,0.9841075616231633,0.9769840728390478,0.9822094611603722,0.9746693581795356,0.9981226724203235,0.9980512466080125,0.998160141269055,0.998104310998268
53,0.999594311311603,0.9616504465455709,0.9798829870033916,0.9991052593189903,0.9988558839464413,0.9995417611490908,0.9616975410731817,0.9799812789069151,0.9990525306543963,0.9988911013747358,0.9994767639222731,0.96425857148461,0.981733679006656,0.9993119590433053,0.9987962794249027,0.9996126629673734,0.9601306527793252,0.9789041801210768,0.9990695021179495,0.9988226988556643,0.9624663207181007,0.9802600311657599,0.998414324175741,0.9985780746602083,0.962413176807419,0.9803221476302976,0.9982896380193351,0.998616314760773,0.9645109943254693,0.9812716060443115,0.9983659379025028,0.9987481150999751,0.9611921906570179,0.9797166805856127,0.9984924576187215,0.9984609960938367,0.9930456016689929,0.9624147892950837,0.9523889632875499,0.9930337398000149,0.9628626470450954,0.9526977867136798,0.9930211721859538,0.9649577143885781,0.9553379019259742,0.9930863423238924,0.9611329801310078,0.9506019098652982,0.9818478956025436,0.9720008157206372,0.9822263967463966,0.9723400197294271,0.9834594887730996,0.9739298536828811,0.9809631155863551,0.9708942841395546,0.9977755476651996,0.9976996166867342,0.9977727193388582,0.9977952327407886
54,0.9997344995521277,0.9570663857375309,0.9779363145586503,0.9988225729204806,0.9988444850526412,0.9996930705251504,0.9571160035390566,0.9780182126813548,0.9988034194560157,0.9989082014621335,0.999604723811302,0.9599394650471889,0.9799327368236506,0.9991109682870439,0.9988105454359012,0.9997546585618027,0.9551979604124993,0.976778401658477,0.9987598403753208,0.9988265261822513,0.9574191887337082,0.9779596321360592,0.998390468911568,0.998840420321746,0.9573960517696264,0.9780380509945386,0.9982345129968827,0.998858801425834,0.9597956870335403,0.9791720955494978,0.9983291623557992,0.9989656049335566,0.9560059667385863,0.9773517733209615,0.9984624178954505,0.9987178241552526,0.9928417037829957,0.9583025376903974,0.9471370122694791,0.9928709535612955,0.9588077579558507,0.9474827280775195,0.9928290390870694,0.9611287510584605,0.9504896502903245,0.992903287942225,0.9568799293277847,0.945165543763287,0.9798583609018725,0.9695879955121981,0.9802699157962378,0.9699469399422739,0.9816467739708966,0.9717524901690547,0.9789065578281219,0.9683814450361081,0.9977622083765079,0.9976864777646425,0.9977734246247199,0.9977763052142368
55,0.9997795381497474,0.9671116869376422,0.9828591807233308,0.9992375790662259,0.9987429662583779,0.9997355368383625,0.9671291266378479,0.9828995783864819,0.9992142728852654,0.9987602111982051,0.9996538098588215,0.969603077787227,0.9843445253926983,0.9994224646723201,0.9987305574253862,0.9997759437784174,0.9656497962062085,0.9820355076836205,0.9991834572398959,0.998673125055605,0.9671111652443494,0.9824862540519391,0.9986812833934963,0.9987934553319141,0.9670856923412597,0.9825534133946824,0.9985585452217305,0.9988032746997966,0.9692388230357949,0.9834236112912695,0.9986528311367644,0.998947222558967,0.9658850174006081,0.9820718633424125,0.9987271644982412,0.9986763489913317,0.9942299381436427,0.9679551481370707,0.9589221647345217,0.9943588152740236,0.9683354305132726,0.9591250878336706,0.9943232079287632,0.9704574142520719,0.9618313749910038,0.9943416493287498,0.9667236776875545,0.9571291495277722,0.9838045398782268,0.9755372702061119,0.9841094305611267,0.9758165526717465,0.9851876677028636,0.9772158749301841,0.9830580506788136,0.9745536978573008,0.9981791638080716,0.9981044274565931,0.9982153011450722,0.9981761358590124
56,0.9997421380648915,0.9586457885375694,0.978502280460426,0.9991089314321251,0.9987792455602754,0.9997124846563384,0.9588561393568763,0.9787716845517908,0.9990713917258408,0.998796647958776,0.9995980872842942,0.9615382325871441,0.9805151764725455,0.9993357363335105,0.9987126252399129,0.999752422055438,0.9571680488395554,0.9776886025615469,0.9990723256680683,0.9987310731799924,0.9585379891362278,0.9781650984413469,0.9982872118626602,0.9986834190825727,0.9585665383852582,0.9783671052469523,0.9981335256885834,0.9987140427758109,0.9608551379410807,0.9793748022462337,0.9982381761762357,0.9988496255010839,0.9573342823412652,0.9777365616013634,0.9983748593016746,0.9986039846862563,0.9940442641149274,0.9593528125204139,0.9481997093096156,0.9941030204654193,0.9599549784660144,0.9486352090203144,0.9940599582881098,0.9622489364493166,0.9515098108764585,0.994129146883435,0.9581376140413844,0.9464519748694893,0.9802044164508892,0.9701161754171306,0.9806872803994823,0.9707106892760123,0.9820532296575966,0.9722927839600605,0.9794187366531009,0.9691915160146444,0.9978060976255059,0.9977225533606658,0.9978228591315389,0.9978241120688237
57,0.9997099026858335,0.9587316793538049,0.9798120605250253,0.9988510378962031,0.998351225454353,0.9996788364887771,0.9588137462314923,0.9798933528538972,0.9988467702790889,0.9983605519399237,0.9995986586784353,0.9617123287613444,0.9816221703241785,0.9991154901173241,0.9983750219624362,0.9997212635168571,0.9568110711137944,0.9786626377169899,0.9987765931084878,0.9982485825740389,0.9603155005500462,0.9804580580254856,0.9982445385177537,0.9982719403469845,0.9603170078135893,0.9805087803889578,0.9980866004751964,0.9982401185873038,0.9628140643135665,0.9816087854032274,0.9981936685749273,0.9984309054555245,0.9588336449770056,0.9798451177992503,0.9982199422307922,0.9980333754548926,0.9921271995347061,0.9596300269240146,0.9494127875894152,0.9922678406884137,0.9600424905310208,0.9495639720331144,0.9922596754299496,0.9624028566769284,0.9527418563607277,0.9922645661816968,0.9581054864208444,0.9472288127096105,0.9802072737118465,0.970941854352742,0.9805095578149768,0.9711328205931731,0.9818337770097879,0.9729314691154191,0.979188437941493,0.9695763531416837,0.9979169841991196,0.9978407563678604,0.9979398221854915,0.9978975430987985
58,0.9996680050776471,0.9520710543828815,0.9751309833300673,0.9989363752139707,0.9987067158261781,0.9996379552666755,0.9522616054752951,0.9753158465899294,0.9989318022329515,0.9987453913598487,0.9995284067922294,0.9549462205074842,0.9773027714506864,0.9992266029158027,0.998686836297497,0.9996790090154857,0.9502361694070357,0.9739679323513396,0.9988935015418459,0.998627737305602,0.9530993330165736,0.9755625393002553,0.9981584078632377,0.9986117549952996,0.9532032631812093,0.9757334772679215,0.9980428123919051,0.9986635593509793,0.9555000225830447,0.9769760004282357,0.9981435695448624,0.9987897113990293,0.9517676202892169,0.9749327866379182,0.9982275225036377,0.9984841137690995,0.9936214156260063,0.9528175352668387,0.9400668094518193,0.9936597946008098,0.9534402049301933,0.9404324432512418,0.9935716323185501,0.9556552293503061,0.9435158010047009,0.9936736514754434,0.9513962899654843,0.9379641230311169,0.976700580126862,0.9658032463998781,0.977173399966894,0.966296693770342,0.9787404147732581,0.9682608693215556,0.9756542273939293,0.9644849945612731,0.9976732355559003,0.9975948693373676,0.9977164474109068,0.997688118322286
59,0.9998756169408989,0.9639009042341574,0.9822739515490718,0.9988975656375078,0.9984196497097659,0.9998485188652626,0.9640199786628456,0.982351331469529,0.9988877881679621,0.998449424521593,0.9997791082378679,0.9669507744255533,0.9839616343751693,0.9991619291845456,0.9984767871735604,0.9999049877512727,0.9622468145794916,0.9812930722827986,0.998829979455549,0.9983412485914087,0.9643392280638801,0.9819623992868559,0.9984651594021241,0.9984965199921,0.9643487654245514,0.9819894458061217,0.9983366437586405,0.9984981635668889,0.9668876621461235,0.983056919822248,0.998458463237694,0.998676284287463,0.9630403833766985,0.9813992640527472,0.9984944671498184,0.9983372632757329,0.992888999812374,0.9649053883721914,0.9557823046598374,0.9930434964152501,0.965294317236029,0.9560345508902327,0.9931183484594303,0.9676725453680531,0.9590896200999875,0.9930618614961051,0.9636319833955284,0.9539594634943694,0.9826760907370629,0.9742913222153423,0.9829514722007072,0.9745389543520604,0.9842051141613232,0.9761716818934919,0.9818069727717993,0.9731794789016184,0.9980969758980135,0.9980216499302286,0.9981104720700562,0.9980845659028856
