,RED_14_RED_15,RED_14_RED_17,RED_14_RED_18,RED_14_RED_19,GREEN_14_GREEN_15,GREEN_14_GREEN_17,GREEN_14_GREEN_18,GREEN_14_GREEN_19,BLUE_14_BLUE_15,BLUE_14_BLUE_17,BLUE_14_BLUE_18,BLUE_14_BLUE_19,CLEAR_14_CLEAR_15,CLEAR_14_CLEAR_17,CLEAR_14_CLEAR_18,CLEAR_14_CLEAR_19,RED_15_RED_17,RED_15_RED_18,RED_15_RED_19,GREEN_15_GREEN_17,GREEN_15_GREEN_18,GREEN_15_GREEN_19,BLUE_15_BLUE_17,BLUE_15_BLUE_18,BLUE_15_BLUE_19,CLEAR_15_CLEAR_17,CLEAR_15_CLEAR_18,CLEAR_15_CLEAR_19,RED_17_RED_18,RED_17_RED_19,GREEN_17_GREEN_18,GREEN_17_GREEN_19,BLUE_17_BLUE_18,BLUE_17_BLUE_19,CLEAR_17_CLEAR_18,CLEAR_17_CLEAR_19,RED_18_RED_19,GREEN_18_GREEN_19,BLUE_18_BLUE_19,CLEAR_18_CLEAR_19
0,0.06166184822666027,0.061214380471872804,0.3567519659408979,0.38396705027748324,0.09786478153338506,0.10256844884830561,0.41666939854752555,0.44195000672443524,0.1193991399606415,0.11456402870626115,0.3985313344340099,0.42790835797322,0.08514333679027926,0.09141079090882204,0.4005271336052795,0.4209047971837966,0.27523792035430783,0.06472223140147651,0.1175801571978678,0.3614841469304995,0.09661754222248409,0.14059032373675404,0.36636986633186897,0.10192819643670141,0.14132635829548676,0.3343957452384785,0.08456454789739826,0.13148995184681897,0.13703796811864638,0.03160983381831426,0.16328680436444665,0.06878766446531412,0.16161987957336793,0.07562557140915638,0.15751140624721774,0.053297789011370805,0.27241499793548235,0.33188439754670324,0.3299768403411151,0.32067794086314805
2,0.10403342886494676,0.09122627837491855,0.4495073767641027,0.553303782962966,0.14251096922644238,0.13764769086023176,0.510715937351923,0.6086562702371096,0.16682409443879517,0.14427992617812702,0.48819499868692073,0.6083849181546178,0.1322526646939353,0.12676231947206631,0.4929911305757097,0.5917105586848418,0.4220954870313401,0.12158363262253828,0.21698524970495708,0.5108778722954688,0.157349723021775,0.2316701723137115,0.5120710711025184,0.1656106443603476,0.2354355696393442,0.4869257045412061,0.1433351490278179,0.22564500354512462,0.1447704808493826,0.1068030249474599,0.17538778675208605,0.14707133469600311,0.17303974019200638,0.1623675544462412,0.16995174205151548,0.13140092650355842,0.3592436148503964,0.4289380745750491,0.42842124555454325,0.4162328175703471
3,0.175903110395879,0.08751565719470766,0.5625328136930209,0.624805692872556,0.207624983586629,0.14170513976353444,0.6179259892994592,0.6746062254612546,0.22678797266300288,0.14739365405819424,0.5992219210534838,0.6729572763264005,0.20318887662716845,0.13159744873383145,0.6028672326085546,0.6639491336397857,0.4582696466200928,0.13997406881547494,0.21793256403824585,0.5530828447080277,0.17419264429982798,0.23337382282690192,0.5700729201695723,0.18325494848955184,0.23402868109459538,0.5277716509017354,0.1631104540480857,0.22992412747776222,0.16692103059694613,0.11265810682604772,0.20163375857611968,0.15751676265662506,0.20115762832362347,0.18022297091518047,0.19426602176893168,0.1444812156731437,0.4801439108436793,0.5423768973111196,0.5522438045194247,0.5245649642402461
4,0.1864344661263013,0.1620308751957779,0.6310024209862585,0.6661089342109653,0.21751545051636406,0.20660047232042206,0.6805558264300733,0.712038460521868,0.23892998603846508,0.20840271935033167,0.6639697850838556,0.713279467388845,0.2136075890211212,0.2004852933157545,0.6655066622794644,0.7021631734345971,0.4906267583334798,0.1926457676800548,0.2524861756911602,0.5834242661238885,0.21976082800182417,0.2601446645405645,0.6045332671691158,0.23063551670847326,0.2589158110285612,0.5616013642642019,0.20919141558056312,0.2587577941507101,0.22298656464405786,0.14201637154553967,0.2526248675516278,0.1832638404676817,0.2477817011604094,0.20817760901403817,0.2468413944629973,0.170571906802098,0.48905665607561327,0.5545319889672892,0.5670522875428595,0.5403895031300834
5,0.18488658254543983,0.1034980608828144,0.6685222870787344,0.7103689492468651,0.2186993044258476,0.16037887644602622,0.7192809549072182,0.7517976171800107,0.2364540941272816,0.1660450150631545,0.7153838753251076,0.7582877527540092,0.22046674604265998,0.1501364323178055,0.6982333590389471,0.7411966654388866,0.5541532771801109,0.23729114535960852,0.24191530426706423,0.6367681304643326,0.25491069692126794,0.2523912244092774,0.6484178348141137,0.2672841310725233,0.2552189826595969,0.6164304304494753,0.2507912503975115,0.24930706211117357,0.22686717380411325,0.13943815038373258,0.26119809987033543,0.1825796427280182,0.2569451522366231,0.19773349685011676,0.25233499681412,0.16866389677980592,0.5246794065722848,0.5912777244114698,0.6041093399566557,0.5750475452099693
6,0.17523697425813606,0.09815200604157856,0.7335466307257604,0.7310954670217948,0.2144232211546632,0.15766573231206168,0.7722338482184964,0.7700241729316247,0.23781879004625947,0.16222755790935803,0.7624776311601109,0.7700632942928782,0.20934859283261412,0.1493449751121512,0.7602406061537952,0.7647259068238439,0.5747015816370186,0.19220873679429634,0.2570628041995834,0.6543908163647876,0.2186272637843512,0.26237725040136084,0.6731958696641518,0.23049883744949998,0.26289020839061644,0.6383229723151023,0.21073845706662678,0.26310828900791655,0.22234974839592242,0.1982400055918602,0.2566633385975854,0.23367169565745538,0.25616518801344196,0.2432563114529778,0.25048776755475766,0.2249035296122283,0.5362049604934537,0.6014822843039882,0.616542247871654,0.5848925666957571
7,0.21075803299479315,0.10130749063575309,0.7489683999314236,0.7524234547394751,0.24710137064545998,0.1653381369570449,0.7899221146200648,0.7883080385911987,0.27311648712631176,0.1714712805324722,0.7833250807552593,0.7943992369020341,0.24596249563950423,0.1567960145941309,0.7745580111140846,0.7849255642205231,0.5403537665586821,0.21620008723653275,0.27715027484401866,0.6295617853722693,0.24860100479669364,0.2852420595017565,0.6501817774360966,0.2618989427435823,0.2863620136108926,0.608479197930857,0.2389590010738245,0.28351208683223245,0.23756172658141733,0.190560362212507,0.27597319109111207,0.23120999385920893,0.28039638227211816,0.23553669177066014,0.26668421457232216,0.21961372215503863,0.5990527144622675,0.6596477613612293,0.6697743443699963,0.6440482483191274
8,0.24694228169013263,0.08640654726118682,0.7333413398906151,0.7530077032864099,0.2801850269311549,0.14805217265690546,0.7721524540354529,0.7884412412459767,0.30462140791056674,0.1556099536742837,0.7625376689204009,0.7949940851752015,0.2744130409861894,0.13945752649032864,0.7594272901021158,0.7842440827811679,0.4594259159497718,0.2541373999872724,0.28857392169707335,0.5512763820295238,0.2751445118261618,0.29465868078783747,0.5754903189800845,0.28754537181756595,0.296672259793573,0.5321785460220188,0.2721350962144367,0.29423645164351064,0.15375164226014812,0.10021289056755872,0.1953786035441505,0.15106870598857444,0.19557822605216227,0.16919604365891325,0.18912545264668373,0.1376688070436908,0.5593271694064245,0.6202681196852868,0.6434329607944483,0.6063729147173383
9,0.24999591454045558,0.07692634094158397,0.7950772829654157,0.7705407303723971,0.2776417383869694,0.14294582050548635,0.8285644005092766,0.806011914564905,0.3026872069340716,0.15236118092038253,0.8213160504369491,0.8237530484615705,0.2737643252697343,0.1337016098529222,0.8172411104635665,0.804103140376738,0.49501553448261154,0.18180550280629576,0.27929785306987404,0.5897287671524019,0.21367085911210584,0.28376505237101235,0.613466208295548,0.22776767639755216,0.2837887286352739,0.5685662040792167,0.21012309791090214,0.2838552365817979,0.15199346326991592,0.12711955980587647,0.1991178925533721,0.17524568505400817,0.2017688598913991,0.19006535106522246,0.19105114118898112,0.1630701048159372,0.6191138352421112,0.6737026130811996,0.7011176082179387,0.6599339175047156
10,0.2091458928077819,0.1671305980642898,0.7878942370172126,0.7570353578944182,0.2413450454949394,0.21750935121147183,0.8247171067631114,0.7935512110729036,0.26295593852052196,0.221965479956569,0.8210419666480626,0.8061656621507296,0.2391489747943645,0.21411111774157038,0.8173962822188472,0.7876119000593464,0.6645605133750335,0.26158517774605666,0.2621150372138642,0.7283120368076179,0.27171712303305035,0.2693343741295479,0.7480734071014069,0.28423472891434853,0.26494440548575937,0.7147934337167962,0.2708224620367462,0.2668313640996414,0.25161039674422825,0.17356263956748275,0.2800725350155834,0.21499609421158117,0.2822363185909509,0.2251208733169602,0.27548490407516996,0.20242800471569058,0.588803389020985,0.6511902231877228,0.6587034134954126,0.6362386104146478
11,0.22233805857318464,0.18942707473436338,0.8437042052575707,0.7647393199781721,0.25487106338600357,0.242044584894004,0.8725985993378995,0.8002858162122848,0.28096244196715575,0.24609733215984997,0.8706380548221901,0.827415630202294,0.2554367944984021,0.23929225031801651,0.8682443378819346,0.7965178749573885,0.586841452676032,0.18833842227610056,0.30113023573157827,0.6698891366400657,0.2222899419902573,0.3018212424427173,0.6926462553732317,0.2363916287134122,0.29318186381042044,0.651088074676756,0.21467918642881836,0.30082521558158487,0.2312451326924593,0.20309374949737685,0.27359878618398187,0.2442918524640019,0.2773900513020338,0.2534758134501722,0.26711735835322903,0.23278685397090831,0.6091081877638523,0.6712341899550682,0.6973775814676305,0.656012550457222
12,0.23835457433751617,0.15331474018318836,0.8405943332904509,0.7940764831271734,0.2640130198084218,0.21003293113692742,0.8661976786505503,0.8249829717831142,0.28676762885125323,0.2198045585820541,0.8682971362761546,0.82693464010502,0.265800136671559,0.20436347038359345,0.8584778843078492,0.8256494436241532,0.6274100025400132,0.22938461799979867,0.2989410466488813,0.7014630402174683,0.2488121565251944,0.29510155372429064,0.7190589088761218,0.26019460538627776,0.2953679497456495,0.6864940403116191,0.2474074283056121,0.2952486122246829,0.24997839938267644,0.23207027649574258,0.2851001991991053,0.26622467814726647,0.2922068263438628,0.282064622306746,0.27893626339644134,0.2589287117901311,0.6475691350466546,0.7035127927683692,0.7149591015587934,0.694021586801739
13,0.24688364822121242,0.04626594470841649,0.8498542955047443,0.7678011914758847,0.27677853332812974,0.11580194372824752,0.8751774532706502,0.802193305317952,0.29846634122074556,0.12827633557330206,0.878746626223104,0.8260807962861513,0.27502190185512265,0.1053437778394885,0.8638351798728695,0.7991507872429803,0.4802484683669901,0.2890133099638724,0.3093305681490902,0.5716172571978443,0.30633090807040514,0.3140136584160326,0.5978788344107554,0.32006274852321626,0.30960017859040684,0.5518037293379888,0.3033782349600479,0.31091169737323476,0.1072917853347419,0.11154347948621923,0.16206169961760014,0.16049343508337768,0.17687700855530739,0.17034054840331603,0.15239996403384998,0.1486820835836018,0.6688824384911147,0.7214348826043397,0.7410913524128656,0.7088728424528736
14,0.2856813314453889,0.0055087715375454855,0.8764175467799364,0.8032500412654379,0.3148358193513437,0.0866289754404348,0.8976446889340746,0.8330479122974727,0.3354749362505961,0.10916387602904436,0.8944386197866906,0.8368204999665351,0.3124103831319578,0.07402723061084515,0.8888443439186846,0.8323907007731942,0.49283228466824186,0.2949302286332706,0.3364728417043292,0.580937697702592,0.3175801379352558,0.33989359890558185,0.6096975622504825,0.3317515852738758,0.33917965998763533,0.5624462095622746,0.31183270352636605,0.33602873688068874,0.017438483006536897,0.10840663915896562,0.09166261977830138,0.16256618693687006,0.11047802291158955,0.18287462456349232,0.07987859107434779,0.15090445007545644,0.7152649123279762,0.7604693099949856,0.7683805939123108,0.7522594208065155
15,0.22501949495999177,0.18318384248716646,0.9108356673224274,0.8215844564474918,0.2524605866194092,0.23963295234501591,0.9280375063270231,0.8473982814435915,0.27172357644996703,0.245637630455203,0.9270122721069765,0.8535953771638254,0.2558049337036512,0.23539855986777122,0.9264422441912559,0.8454894012276924,0.7329611302060203,0.2517253042006738,0.28215200319058026,0.7914795131748467,0.26694571031940423,0.2849187864239235,0.8090643689274281,0.2804792676169367,0.286122824084677,0.7784413121979005,0.2672739262499875,0.2812892790697725,0.18718288841415692,0.25946933056232274,0.2432680810519977,0.28898658127862653,0.2477619337387241,0.293446626197907,0.23292963988784413,0.2801455309907758,0.7396507728817069,0.7839560120305868,0.7888994866754888,0.7738970014229885
16,0.3522573498789369,0.015730303155938336,0.8870561558305572,0.8278286102829197,0.37412687073739676,0.08877572475249487,0.9049571197692332,0.8546695681888244,0.39577485011474267,0.11024815835292238,0.9050256138387696,0.8624124862847883,0.3715826568284543,0.07620724636217042,0.8969890294831186,0.8566707998707265,0.3880540226513844,0.30106424694638795,0.36180911747834377,0.4805270638527238,0.31829433329585716,0.3611384085573342,0.5104730264972651,0.33147248088201225,0.3614232559435826,0.4606042244868747,0.31861668889582734,0.35899646397390794,-0.04439707982973913,-0.010270029350907503,0.020592033294227277,0.05447394294755344,0.03694235768921569,0.07192475070882832,0.008439070953555438,0.03973956768020841,0.667560983951085,0.7161947465217944,0.7316448449539646,0.7091930813412181
17,0.3038575105467408,0.23449576636489153,0.8781375702016699,0.8209116198844711,0.33324399010294764,0.29361717783991037,0.8974748589414424,0.849645390835274,0.35277584334842366,0.30428043833099233,0.9002554460129891,0.8567699148125432,0.33399283841036326,0.2903278951946728,0.8942014244836618,0.8482511311421822,0.6702692105861434,0.2881727916208108,0.313578601811346,0.7377336832218083,0.31414037711361786,0.3215612974800493,0.7556154510120058,0.327637308428649,0.3174149448030087,0.724565358393753,0.30745224795937154,0.31708537450315605,0.27623434466757835,0.24645311633583783,0.32316054354103846,0.2896267956715021,0.3364128636683899,0.29997695270446656,0.3147519481308528,0.27956252509358653,0.6789086481701736,0.7307973910473748,0.7485455377816949,0.7186160268484161
18,0.31210190750573835,-0.04916434871970903,0.8869651162572177,0.8650435508137303,0.33131410971505154,0.035360972546864725,0.9072551423894706,0.8859009346567562,0.3533800129544149,0.053297921989857076,0.9080355939771996,0.8993682092216573,0.33499762127520344,0.025579285048739662,0.9033881971033055,0.8839406205441456,0.43083237616274234,0.2819698447489234,0.322743471600444,0.5198749412646841,0.3025793362319503,0.3249742677244717,0.5527233982041461,0.3137855253086828,0.32496755551453393,0.5016803672005472,0.3002089165365188,0.3255277700639308,0.007987601120464202,0.05471206575709777,0.07451360859497816,0.10793258470464577,0.09337986182224113,0.12128283347237577,0.06382611778012653,0.09566719593765807,0.7323156881759114,0.7741207206101142,0.7900279267705648,0.7635209654643951
19,0.2584768108282713,0.0660345047568845,0.9419076823397733,0.8300271088294833,0.28356631377301694,0.13980164016842228,0.9520349684166076,0.8566801114677861,0.30672198346009316,0.15854288187143745,0.9523770552315743,0.8754441000305089,0.28633013552760384,0.13235899084319822,0.9515695062411705,0.8554912322618022,0.5661392970141875,0.237171223084766,0.3193271998119727,0.64859430240487,0.26721066686683337,0.3189977695231023,0.6710687724893964,0.2830763155403013,0.3201802850397435,0.631499210173836,0.2614884416264962,0.3163161543657157,0.039419438935822615,0.18077894953923185,0.12228207071589053,0.22600548346082985,0.13935230659720677,0.24667904532278345,0.105198547370444,0.2157823394022637,0.758238252155629,0.8038539647093554,0.8258045758652168,0.7943171511121291
20,0.27967727916987467,0.3893152911126719,0.8864664963757337,0.8174433750496701,0.29830716724550016,0.4005912543616841,0.907461459232324,0.8454800952483429,0.31914407748218426,0.3979216444240033,0.9099853717331424,0.8558456228537789,0.29994932306301975,0.4071629659960174,0.9034992189899935,0.842413537405774,0.8626444892270311,0.2564845603429767,0.31597615843127536,0.8958022160394565,0.26853559739384003,0.31223675163037934,0.9085350832038602,0.2800302784533293,0.3128731413632812,0.888192117490326,0.2689195831810613,0.3154530917126709,0.3265361429046213,0.3129162544312422,0.34763693243751903,0.33568727816724864,0.348718843019402,0.3371515459673584,0.3443601337467713,0.32752351559885423,0.6545899214339739,0.7113967314880313,0.7193320700702034,0.6970130087276226
21,0.36762636097381807,-0.1181602293501957,0.9675372553619604,0.8909586817914305,0.37979836773540293,-0.024357336860773095,0.9722265582514649,0.9086118083119448,0.4000572602277044,0.006216539159809781,0.9772000368066269,0.924088910779341,0.3860492718568827,-0.04085405039226205,0.9693028694859788,0.9103071273318347,0.41432546065245973,0.4034043852300092,0.3724315785051454,0.5017639034490734,0.4080958432727925,0.3701159772989782,0.5333265311553607,0.4194575392021289,0.3688106139465389,0.484338284882586,0.41274835199304694,0.37120707508378503,-0.11347764769407691,0.024327153614777185,-0.021519201761785685,0.08489610493618871,0.007022423144797341,0.10516630573301068,-0.036989331886928684,0.0714562112691685,0.8619142235442532,0.8852627887518572,0.8988057372767869,0.8812257721183189
22,0.21473541438942645,0.2677568275903966,0.95558185062673,0.8647276744805972,0.24663754554350878,0.31400406604908226,0.966945488217036,0.8863160565922027,0.27097826163924293,0.31942722774850263,0.9688321515853087,0.9029678061165037,0.2480485032053966,0.3131843377803445,0.9658984882175033,0.8861063555354587,0.8769863822503113,0.23172334421843718,0.27741729664059456,0.9010505472465413,0.2573895438304316,0.2818185104838903,0.9096161740410085,0.2705192672252238,0.2796970404214003,0.8985868395504399,0.2574477609317482,0.28089807368612174,0.2968795153924578,0.3026352491060136,0.3421235771291883,0.3326178950007314,0.34960639803299864,0.33651721294447423,0.3340650728491312,0.3222552542147233,0.8852168633810893,0.9059732560757133,0.9194986549270142,0.901724413294143
23,0.3458170383904693,-0.02667312079188331,0.9326732679211689,0.8148543076140571,0.368682290007125,0.05969531365783079,0.9461486814543202,0.8436083125431076,0.38654467930192365,0.08392174168944393,0.9463759446022921,0.866916831426997,0.36891886459857964,0.045899169488241874,0.9413936652305158,0.8443528076171393,0.43840068929884185,0.30818864925892503,0.4093792180703507,0.5260438215524926,0.333856263952328,0.401798674088064,0.5539592468306717,0.34780373033634543,0.4015485613337365,0.5077716289931269,0.3270139353898597,0.40155197136923054,-0.02124693969777903,0.016657619791420778,0.056462026656878564,0.08278744203884594,0.08142834013229228,0.1077576488365201,0.0451436697277881,0.06874432788555493,0.6866006280006367,0.7381682123283761,0.7653783669646642,0.7278367055354488
24,0.3353380964736868,0.058470867174578785,0.9547237285790738,0.851456344908244,0.3634776134812995,0.14645734634660007,0.9655998944258228,0.8731916096259313,0.385534059317179,0.16304334738206266,0.9637203132740664,0.8866583735534719,0.36543773543954977,0.13670224562573013,0.9632779878459111,0.8739347725271602,0.5392612459321356,0.31144852335220774,0.3637796379414646,0.6203435156462915,0.3336612589715634,0.36464961647999555,0.6453236683115664,0.3481130379752716,0.36332876755443966,0.6051806793783199,0.33829016749604207,0.3621743563236888,0.07710769327216457,0.1800437675211745,0.15776348201478002,0.23648311583299966,0.17800057297234062,0.2557220758260199,0.1416069247535149,0.22504755806390914,0.8488872413723377,0.8747694046490844,0.8869635793239662,0.871828502604759
25,0.3937831994990453,-0.22444621411018006,0.9709242365324768,0.8012028618643066,0.41526075277793795,-0.11949544245880862,0.9765569236018536,0.8336327721036144,0.4341433614017088,-0.08991522029008264,0.9749284576727014,0.8538175224655687,0.4188932628980405,-0.13465067144009604,0.9755093494023744,0.8306705238394536,0.3292639753722005,0.37405429039740423,0.41472556737896116,0.41668324175041294,0.38704594216930394,0.40760720347893903,0.45014088971269195,0.4009375997321226,0.40577699798593936,0.3986783556081027,0.38866965310533563,0.4066975718221866,-0.20466577138599987,-0.05681246902040125,-0.11324202685178798,0.004457320835312584,-0.08624498247290595,0.024743657626649786,-0.1304295886389772,-0.008561326873229294,0.7842626481899778,0.8220132886255644,0.837751614518594,0.8136454619064876
26,0.34608010915443793,-0.14392103030931488,0.9654931125804896,0.8466594609511302,0.36471588501849544,-0.054191664315207735,0.9721869775634169,0.8716845756556925,0.38566287589179465,-0.02779568267632639,0.9719817168538553,0.8897117348407986,0.36522340166938816,-0.07126433872859791,0.9685620282910188,0.8722775683739532,0.31363784376094744,0.32776983211072436,0.37812413493041286,0.40972923807453987,0.3431393626203733,0.3731515407458237,0.4428054577004168,0.3565610669788024,0.3713819437446362,0.389333013208999,0.34178240742297405,0.37160643340259214,-0.1593082387804841,-0.00939350470250524,-0.07495240473840788,0.04978116592935913,-0.047697995436925884,0.07195655537039439,-0.08972604981119209,0.038211274907464454,0.8669800271883235,0.8930280921159671,0.9066747917622329,0.8879394797140916
27,0.3747922108372044,-0.1994200826869193,0.977566997280676,0.8767735061214071,0.4016291801234179,-0.09875141422031151,0.9817013265540494,0.8952228023712876,0.42340471933232143,-0.07156823666552091,0.9814797975751562,0.9066302519287049,0.4038240801455647,-0.11487801219019189,0.9815882309914424,0.895859017788249,0.2548465253328017,0.38030648546592366,0.40194006204406774,0.3572487419385297,0.4027806512130219,0.40851679485421655,0.3890193817471743,0.41798719174811205,0.4137464795535412,0.33353569258644483,0.39970587339012614,0.40568408869137723,-0.22299558264424518,-0.05700535742486059,-0.1223762233742091,0.01664821820110817,-0.0949184474555327,0.03705460620756718,-0.14279154891413795,0.0007923821193900622,0.892714239262973,0.9101382572436129,0.9175012420991389,0.9085327302024389
28,0.3914420576541086,0.3243474968750032,0.9239337708315004,0.8494263647044991,0.4107792150401562,0.38080378484642374,0.9391322300084269,0.874845826177299,0.42019167866822954,0.3970963783650281,0.938204275030595,0.8853150821063788,0.4119326605319812,0.3759681048773507,0.9331253991714469,0.8740989526247952,0.911088281844985,0.33633242176867995,0.39156449097140233,0.930755447335293,0.35307157381784565,0.3881571897911244,0.9354296422135866,0.3624519791546722,0.38905096310535764,0.9280375346475607,0.351082850567759,0.38932888727747994,0.22552843723386506,0.33281171793629916,0.29681277579379844,0.3732185369797724,0.309545512837704,0.3903799647930561,0.28406779888520606,0.36425758410291,0.7820201747999189,0.8223569810105519,0.8407134883770168,0.8150520032579578
29,0.39016329829924334,-0.2813147515077484,0.9358287434113397,0.8871587104084321,0.4086981844134832,-0.18164404774253437,0.9495490333739811,0.9034242235622121,0.4313539174314917,-0.15128402805035324,0.9540484193689904,0.9152213411545083,0.4120406708758884,-0.19639977633509567,0.9459002627537831,0.9029426145360071,0.26652590393849873,0.35787554438577185,0.3849273104099781,0.3581348208367667,0.3783416241264942,0.38405967354744996,0.38753176279255763,0.3924192715899782,0.3887862868867232,0.33832687198211014,0.3754766753474219,0.3819475109861181,-0.29202835352908346,-0.1214315217844379,-0.1928548284369188,-0.0539054203169331,-0.162598008897279,-0.032667554725669436,-0.21024298896047727,-0.0683534784977805,0.8254488880277886,0.8539165341389053,0.8708615416295195,0.8485405705955866
30,0.26895154402938903,0.33528695250976837,0.9661501189504144,0.8905068988371375,0.2885843536686436,0.3653421347625094,0.9731597236234943,0.9050280116645696,0.31050752321130165,0.37398536139355965,0.9776511909405772,0.9179439323603498,0.29211493704043673,0.36893873869220634,0.9730956623312426,0.9073325868769685,0.937890607225956,0.26229352026207103,0.32358795494337944,0.9510208686762057,0.2781873824570019,0.3156363335512672,0.9562614329730029,0.2894013409578977,0.3193582206187118,0.9473200854103689,0.2754366371057773,0.3142187119516881,0.32929719737555624,0.2614996430906603,0.36057809046695094,0.2971271685903235,0.3655737156487987,0.304743259328172,0.35635828736294534,0.28812508741894516,0.871266570004137,0.8931394462598772,0.8987981394984026,0.8902074454355826
31,0.40871844398207974,0.15067336087748884,0.9441979173237285,0.8424119495286709,0.42207244675528643,0.22694892070104947,0.9585828156937023,0.872167218165704,0.4301941826053383,0.25719554793834914,0.9546999943601192,0.8781014751096767,0.42830130051147797,0.22181543845681645,0.9535665922484563,0.8676500438432287,0.7181052865648294,0.4269108901441843,0.38344530817818423,0.7805110404335066,0.43763983869877754,0.3915642194819705,0.7862121543588966,0.45052637681906554,0.39945333024275254,0.7661881113962505,0.4402109888700421,0.3905079093072168,0.056268734662887995,0.07880203556390494,0.16691396293955954,0.1764002280569255,0.19648118162685452,0.19389474698415116,0.14346138841143236,0.1517423254569277,0.9175018330530067,0.9318462229392344,0.9373419212901916,0.9295768940401414
32,0.44685170275922903,-0.2270028108037343,0.9251427060187649,0.900414964342612,0.47584954730886303,-0.13182228590852,0.9359917249760369,0.9141650548870986,0.49723948521997535,-0.09901408531159926,0.9431932408447736,0.9251286827177244,0.4762936391076211,-0.14498981512232592,0.9342761996572109,0.9148239737505843,0.13727225315688657,0.43755968904618614,0.4674244431542973,0.2256516916121358,0.458287780959492,0.4716761098691732,0.25504646724464747,0.473919975738439,0.4772349190573071,0.20620077627852504,0.46006402117161604,0.46883469409827455,-0.3435954047402206,-0.21675875156574034,-0.24951240092262483,-0.13570091961013633,-0.222434220378279,-0.11462086522788216,-0.2687138237295164,-0.15346446961051757,0.8122637927064055,0.8396088215577753,0.8607496926655205,0.8363864219892111
33,0.3164685309012055,0.42748725435802065,0.9111376081481433,0.8593953618493824,0.3557828414281932,0.4612916382198515,0.9287399893141141,0.8814317834692986,0.37758297264181107,0.47374007889849223,0.940437915099154,0.8954958812102148,0.35476105671512814,0.4660175432403993,0.9272443044986508,0.8813354307392447,0.9323260976727872,0.3338389412909445,0.3704261342370093,0.9459326803691167,0.35665233042708405,0.3740114067728088,0.9505316597730868,0.37152970448363615,0.37356879875260096,0.943017268838634,0.35343477624442127,0.36921179727393255,0.42688536815619604,0.33607375174000803,0.45858078487985654,0.3756600808816515,0.4719511304892474,0.3901692150244126,0.4560369197020381,0.3663833600007559,0.7676150452962012,0.8075695657443901,0.8332599522374615,0.8009261087111261
34,0.4106111424936104,0.022433609388847142,0.9686642404176682,0.888501981272587,0.428058473371068,0.13094840824711093,0.976302520250798,0.9061204418755031,0.4350172022513409,0.16244083609240237,0.9737124194409283,0.9130575975458993,0.4312193710789687,0.11637864787924031,0.9739304288056068,0.9068425788556675,0.6691790796771874,0.44341396758143076,0.41888183392975814,0.730895904911002,0.4562061637463524,0.42092177988531837,0.7501191426752669,0.4630842093778067,0.4255019002367591,0.7185253163939165,0.4560554560359313,0.4219348407672979,0.029431398455547986,0.20631370585449826,0.13876362978913742,0.2720204693339911,0.1725695689053626,0.2959938866205209,0.11737044001583241,0.2562368053638307,0.9071464239770134,0.9270071058675503,0.931309497083184,0.9221718647101742
35,0.4152740869203724,0.3149006712798489,0.9436896147157532,0.8664608847816442,0.4414881161492467,0.3857286768280388,0.9548079237485285,0.8863924494950294,0.4581001965501444,0.41232916211596543,0.9575787385088048,0.899236390545855,0.44401448795213566,0.38204280829363346,0.9533946290816068,0.8861000630602784,0.914970343387662,0.37022893806034823,0.426846667772898,0.9334907623945706,0.39669754697938103,0.42398711637411746,0.9398971294497707,0.4052227705048464,0.42657531102635876,0.9287785918358398,0.393650703872248,0.42562464287050056,0.23228946744184484,0.30434107284899614,0.31911873214730735,0.35505978334362215,0.3433241550868258,0.37832082989383814,0.30445387797532175,0.34402011675118976,0.7898566501982496,0.826266775471903,0.8394740277022216,0.818357948919256
36,0.29252771792016524,0.28898441733507435,0.9326734963347264,0.8857186329376758,0.31299860600987867,0.3376252887219011,0.9482028256343109,0.9033490973869787,0.33451127018705906,0.3544395164341937,0.956426438851167,0.9168832294434898,0.31691500990677074,0.3391089192892557,0.945598404237108,0.9046355059630629,0.9139460653079083,0.26486053609552646,0.34511753112262766,0.9269941587103809,0.29174183306874407,0.34475979698922093,0.9331839404374173,0.30446059965702493,0.3464526166384412,0.925224404610714,0.2878919956235345,0.342835382074539,0.28917249427158115,0.25557780472501207,0.34436200336322115,0.30789189133041384,0.3608121143163096,0.3286997768386419,0.3360230522278186,0.2959168717343025,0.7931117854473447,0.8335711396245518,0.8528656475429308,0.8240665422998669
37,0.30959614487206355,0.38191052224742233,0.9785950265851074,0.8778182518320344,0.34737123218588206,0.4268579351972066,0.9841029401095289,0.8960376986569808,0.3659597741579617,0.42774929140362833,0.9865818504817687,0.907625728246977,0.34660868803669,0.42704697731863,0.9817065624750176,0.8976229784341742,0.9251636200843409,0.290790715283136,0.35597366336070446,0.9460783602681004,0.318723606988496,0.36306998238090477,0.950598875569156,0.3299542565047143,0.36621653396090276,0.9400004115242224,0.31668183008991124,0.3578397153792536,0.3275304165384632,0.3739748367422285,0.3756871891941471,0.4124852922184791,0.3822238644234442,0.42030331870865417,0.37173110340513676,0.4050294583274857,0.8928863348119384,0.9137360486595347,0.9216449817942818,0.9106264905578937
38,0.44967266564104635,-0.17596971091045793,0.9673783972783172,0.9057540082729009,0.4512362980784745,-0.06392270817659193,0.9760487712685729,0.9213833963463515,0.46137561005935285,-0.02594575004863091,0.9744850431332531,0.9294214104960531,0.45862653961463357,-0.07903406841658929,0.9740512484320626,0.9210419638273248,0.4567442343346039,0.400591177497253,0.3921161237458003,0.5405080376711296,0.4071011633896264,0.3909913671918226,0.5644473070379593,0.4165448336683598,0.39302711226100134,0.523800178074978,0.41004442486523834,0.3917476528168221,-0.22120204113710726,0.0046271854295757775,-0.0999314014290994,0.07641111845120369,-0.060708204065483724,0.1036369333798845,-0.12498596706529179,0.05773714276627955,0.8678568821016267,0.893476374846312,0.9030901089521279,0.8877048784450091
39,0.5116849506530348,-0.34432544893539935,0.9726209712938968,0.9014561526427021,0.5112164563563897,-0.24655721280890613,0.9783965124150397,0.9188570338751868,0.5177759793888138,-0.21084770412329285,0.9782733924354116,0.9238748402861501,0.5179827521066904,-0.26152240907755403,0.9777308407237206,0.9162072521813801,0.1611494568991288,0.5000190597783966,0.4364304234202724,0.25229967417495025,0.4932127039216019,0.43829543672233046,0.2816467827140187,0.5026278917053238,0.4428593208550182,0.23238557264775214,0.5002969133123826,0.43843444047555974,-0.3637757164494452,-0.1582644397037718,-0.26787454914286407,-0.09269487898195376,-0.2358108283293197,-0.07272605415288538,-0.288607281978019,-0.10909589076787465,0.9177987294735094,0.9320642759094508,0.9379509326788467,0.9285550444766837
40,0.4074726324063122,0.3225596299222015,0.9699873215105991,0.8485601555936775,0.43079302095447025,0.393637312558368,0.9751113426716853,0.8719801138690287,0.4476807302575201,0.4112921374038827,0.9805063942652787,0.884211221455035,0.43267789736392026,0.38920956211387386,0.9742154898521183,0.8727871886352574,0.9047401785411385,0.35335934904075084,0.4246072060857871,0.9264517650144078,0.3820404266700471,0.4250127944132134,0.9340231815974218,0.3896822168728735,0.43068509991823883,0.9215553381028637,0.3787097452795063,0.4259996373702539,0.1989437210322663,0.3433520810413491,0.2861449796511595,0.40135550695244754,0.30530157483202497,0.4227181762791652,0.27566779360497856,0.3901042317328853,0.7872008411585211,0.8249578557207408,0.8349241791201826,0.8176253971934769
41,0.3545044044997393,0.20138643689927485,0.9756052456859056,0.8445295625427736,0.3883308343359772,0.3026274651215144,0.9791893876814599,0.8695613558493039,0.4047359029534631,0.3365353051399868,0.9846793964055577,0.8822919630937095,0.38863410651677127,0.29306358700161855,0.9794451062816333,0.8699493930198945,0.876116530879426,0.3693611829444301,0.4149131087726282,0.9055977751140092,0.40447641981198246,0.4162826298127872,0.9158537949634822,0.4140643992595211,0.42148747973206535,0.8995105269236414,0.3972927049485176,0.4169135097026272,0.14776671845196068,0.31306699715079306,0.26225590821669176,0.38004982087752753,0.30011948178112513,0.411789267424155,0.24303137879198958,0.3671973454465034,0.7914348158511972,0.8294207073176039,0.83957133444192,0.8215370249897741
42,0.5440020883602733,-0.34095611612861726,0.990529743801121,0.9148329686597623,0.5483006190462871,-0.2290344270196167,0.991942981644801,0.9284316353786148,0.5573499756187925,-0.18747493532366832,0.9940376192117583,0.935926492648228,0.5546022571407784,-0.2527918062888935,0.9913944181904888,0.9285047032730411,0.1602156618228007,0.5584043380374902,0.4948594075692767,0.2518134859759942,0.5563356510810682,0.4958076826061767,0.2846166739468636,0.5638832767146625,0.5010978990270263,0.23145607163315282,0.5640078447619398,0.4987740861016614,-0.35465167464577807,-0.12449032839181992,-0.24672009872455705,-0.050023228684947324,-0.2061139275379468,-0.01804866244664664,-0.26661308967534153,-0.06637695936174429,0.8892071531644495,0.9065226313842764,0.9147732010782921,0.902601606457273
43,0.281315109699656,0.2930376672668361,0.9742307642980941,0.9177120841319033,0.3154586800749922,0.34558966185450246,0.9809812006180209,0.9307265931280655,0.33252426112577455,0.3556755278405148,0.9824315756187503,0.9438508320363216,0.31531861438776293,0.34718772387727637,0.9797682535046326,0.9321571271940913,0.9319043463854174,0.3144088553459211,0.3392603757049506,0.9446743916860669,0.33820961993465465,0.34616643382315204,0.9494160578560827,0.348882498482825,0.34930039817176123,0.9428080602353299,0.3355105733322959,0.34132793715787657,0.30694184364108706,0.2950788405394664,0.3586397970525694,0.3409671830481863,0.37194168774571684,0.35019293319670175,0.3520214635843419,0.331711958980354,0.9326106748107389,0.9462715829014704,0.952588415474124,0.9444313639896398
44,0.44212909114628973,0.48851230036686505,0.975960570237517,0.9323073263890189,0.4527018134233262,0.5199697286605968,0.9842819184111423,0.9399889607404888,0.46326437045068625,0.5303259480346425,0.9844798454134454,0.9420048985232901,0.45795153608842687,0.5210750465475767,0.9824804179741857,0.9400819316596175,0.9309744395471847,0.3970781911137545,0.3947474247184487,0.9412925727999959,0.4112689911243572,0.39915118327852034,0.9391623117320971,0.4212052546642612,0.4046309028108742,0.9380002078599817,0.4171317087972199,0.40154166722490786,0.46929358369258595,0.41016870329560223,0.5049079685659902,0.45477172466743254,0.5195596076127897,0.47743482706540435,0.5059049034705815,0.44669489850805233,0.9341154113305011,0.9453564829608522,0.9509786299261185,0.9402464988318245
45,0.3809932837189335,-0.10195256726385635,0.9923537246787902,0.8825366973595233,0.39577716756417836,0.014690295055652286,0.9941702118915312,0.9030000984792795,0.4095587432025937,0.04967521029170469,0.9963538540956959,0.9149346066431,0.3995668553599115,0.0010339571423772698,0.9935774481227333,0.9031201373828983,0.6356934138917533,0.408400311338038,0.4149137177863067,0.7056404644869889,0.4207207250829116,0.40852109667667863,0.728683142346845,0.4275421789595947,0.4108891710981563,0.6910919905002613,0.4193249059017906,0.4074100687143892,-0.1296323777312286,0.057021811972382895,-0.0073127456855714545,0.13415756270472712,0.029336279252983648,0.1600486928204636,-0.030045339257964068,0.11669075541780252,0.8862472883409723,0.9082587303377494,0.9157397246736882,0.904773038889772
46,0.4083355658108742,0.5352139389611736,0.9731934960435821,0.9125557974407852,0.4440401100519365,0.573686682874377,0.9821426174169883,0.9230507548129246,0.45660749730424843,0.5917101195332116,0.9816922736706781,0.9286359235920457,0.4411173676031789,0.5721530518821816,0.9784207702579384,0.9258231635369799,0.938361509361803,0.38630001534746167,0.4708576149887885,0.9440290643920412,0.4168011629749867,0.4819778083039318,0.9440786947266828,0.43095863942237944,0.48471526602186427,0.9426086129402185,0.41518695541071393,0.47837231104277556,0.49676217305615317,0.5153454710368065,0.5424429386594335,0.5533785774874045,0.56782569697532,0.5784192664415344,0.5394216221997911,0.5478737098198989,0.9339206247428344,0.9487112277001893,0.954594550830913,0.9442752247089047
47,0.46595524505442926,-0.31025248994867893,0.9780077258039337,0.9202910035782252,0.47414697405517825,-0.20500319226429092,0.9792300120829223,0.9313990233735836,0.4821264459084767,-0.16190835406495502,0.9804359976856539,0.9389069962750378,0.4787675718766269,-0.22016061340741555,0.9794316915446084,0.9316675607477709,0.18587473493451112,0.47316558182492047,0.4385725618427371,0.2711360532729614,0.4864850584494154,0.43812194713724045,0.3048812548109515,0.49187700060672357,0.44151842108185313,0.25262640299597244,0.48302460484199794,0.43812214905482744,-0.4439817376113111,-0.2201865573909234,-0.3292281853415135,-0.14326342390618013,-0.28939851836325237,-0.11380197409229073,-0.35353619714768186,-0.16148511738669308,0.8672993010382654,0.8886263143841334,0.8966019352956044,0.884835434415342
48,0.3957998054393481,0.4617081137070251,0.9766842558453996,0.9378090695383006,0.4159316809850182,0.49437259199423683,0.9829383582708869,0.9473100700828723,0.42874403157418806,0.5065314920968499,0.9836900950555647,0.951364719282755,0.42037054501216176,0.49833073084705126,0.9808050697708525,0.9478936093609066,0.9713114390143036,0.3657117488911633,0.38423466777109144,0.9752450752938239,0.37698557186831716,0.382328615810613,0.9760298179353267,0.38857700492211944,0.38643313268730184,0.9735260703587283,0.3858071231898808,0.38289972174637626,0.3955483939815827,0.39781953216113564,0.43544750763302725,0.4299109612355037,0.45084823533104623,0.4454175121103966,0.4370762231484163,0.42209745649851393,0.9677363751423125,0.9727765292106761,0.9774052623970171,0.9740926015022229
49,0.35200045179733,0.3654845061588872,0.9820428856955137,0.9226939362751949,0.38401478950006424,0.4302981842196187,0.9862081285990033,0.9331887543129601,0.39672913095400125,0.44977304336216767,0.9869106721877041,0.9395541042654014,0.3852679012115201,0.4276343837353844,0.9856484622255725,0.9351568341822764,0.9494582858400271,0.40386745250576844,0.4387572557866415,0.9599529384035898,0.42104413472694624,0.4436157751385731,0.9641210360850041,0.4340497379253957,0.446101779500618,0.9572869771683888,0.4251466017682764,0.4423411313829487,0.36145855663625703,0.3900436533455533,0.428458012802625,0.44537274961308615,0.45526627133020686,0.4671177291174205,0.42285771129432015,0.436005841182219,0.9601388605910551,0.9670722661167435,0.972426153491218,0.9652941799358471
50,0.3621101644138605,0.40412220544012845,0.9766672098141331,0.9404559203587886,0.3884975617895887,0.45044269362691397,0.9833181675694121,0.9498856243571489,0.40171616487032236,0.4670618562182998,0.9832393400520272,0.9542656372248233,0.3914622435646593,0.45191521233329135,0.9809213152277791,0.9503068445998757,0.9627897994319577,0.35899458565703823,0.38563162206041585,0.9689240667147252,0.37052451924129104,0.38362824883577507,0.9708864559988076,0.3820003511422499,0.3858198216913198,0.9664027980525026,0.3763845076384905,0.3834014055578237,0.35107318131273885,0.36842497850867484,0.40064277708864826,0.40594460582823566,0.42037054421854564,0.42148728181282374,0.3968139710338349,0.3969882803508394,0.9850134383985235,0.9869333141447812,0.9896222166713179,0.987053047157881
51,0.42239656632230776,0.48998105547713716,0.9688725760656609,0.9030702021623059,0.44987084056886,0.5276824639928713,0.9781292880551187,0.9154234564276281,0.458185335642309,0.5300241315681683,0.9821322960246585,0.919127258403753,0.4482585608234732,0.5286924082497536,0.9772396907077623,0.9144291666616864,0.9505677485149956,0.43060659002027557,0.36498231398446285,0.9565104529130993,0.45962212038204636,0.38316723977957146,0.9583914589889644,0.4682320380542927,0.38722489298184026,0.9537077210240897,0.4542600662826349,0.3769945375217619,0.511148677834538,0.3684252411111976,0.551104117290436,0.4229696712094804,0.5653735337823129,0.43961957143890473,0.5495647075621879,0.4120777620164098,0.8511512220899855,0.8790159594430978,0.8861504228031676,0.8705869045066731
52,0.3052280585924959,0.39520745619020264,0.9884558393402642,0.9317989824462325,0.3306226943174616,0.4222123043173644,0.9904473806404359,0.9409292225545971,0.34312121201492257,0.43089712320117485,0.9907288637156659,0.9441241050318986,0.33216270186200336,0.4268970273392357,0.9905317305614274,0.9419885039564545,0.9696732605711141,0.288019866221945,0.30949102791661337,0.97310669177401,0.3178154966849418,0.3157879972662616,0.9724063236668107,0.32905178793645906,0.31988512538993286,0.9711085736917797,0.31099968364310804,0.3127208641802552,0.3550467680483181,0.3601822718634976,0.39527673407296354,0.3874832877029868,0.407707767829823,0.40065570641166115,0.38845693791271074,0.3800324331464091,0.9663301672631103,0.971955564157761,0.9749183806984295,0.9717397377821562
53,0.3961367288639948,0.4656780132140662,0.9660402261954123,0.9320343117386118,0.42255974328716883,0.4941542386241018,0.9764644539428909,0.9391633328493741,0.4331167472150987,0.49423072797238976,0.9757917323395632,0.9398646126379268,0.4229842773901645,0.49658367971154405,0.9731060413378788,0.9398911949861428,0.9526613395857119,0.36240352255708386,0.3460733491525035,0.9593571044253346,0.4008502790591469,0.36792540481704533,0.958164228537646,0.4118426771341142,0.37407580393050616,0.9557809150868405,0.39287269793970175,0.3620617599628996,0.4695606849458143,0.4139962922209182,0.5059547889448169,0.454390926853171,0.5142244028824989,0.46536231063479716,0.5011568371530426,0.4447550548867278,0.9463842281384304,0.9552384666421265,0.9598085012559132,0.9540183200044561
54,0.6014006299912125,-0.4997770403826942,0.9881739430684578,0.892844183077878,0.609934180056633,-0.38676831724126715,0.9909500012712292,0.9126020631360949,0.6231988859626307,-0.34232702265814646,0.9923336655028817,0.9256776950026878,0.6139895931692358,-0.4074062004878647,0.9897612740773831,0.9113840448930434,-0.010820307468476176,0.5752989876112038,0.6090062812441603,0.07457583496325623,0.5748803677132592,0.5993226652439319,0.10545115907929503,0.5832470425882101,0.602580771852626,0.05486908348268474,0.5828654249899383,0.6029942799473372,-0.5530201276811957,-0.23081387283762442,-0.4433386874883779,-0.15332621524489365,-0.4017364357079815,-0.11996828024919699,-0.46441316080763567,-0.16910581879755873,0.9092289564620541,0.9274840704887065,0.932561735357376,0.9236464068471225
55,0.5092576934892081,0.5645601346135205,0.9736139553158387,0.9040585524980416,0.5264212083169331,0.6012621873016726,0.9832497981289088,0.9204781171972509,0.538342843696604,0.6085531445166299,0.9846819941823151,0.9355664492915011,0.5284541592142101,0.6025307550844994,0.9795739169791473,0.9211608858461582,0.9321405141773679,0.4808402325019915,0.5317051607655293,0.9447638848405074,0.47639310281943653,0.5249467686613183,0.9497661651035828,0.48472633661094516,0.5282983485575686,0.940618635945503,0.48826346391298714,0.5284284010850836,0.501185696187261,0.4775076891452293,0.5377768125242897,0.5242767885551901,0.5548265551617657,0.5472144549763563,0.5407281254715044,0.5188799138535867,0.9497987250331521,0.9583179929004866,0.961910927229264,0.9563514819454244
56,0.3930618048414376,0.17362848589009316,0.9833226258769553,0.9035291823282163,0.42399277960117987,0.27623319752259107,0.9860417111795856,0.918581752460786,0.43785855332356943,0.3062103890072529,0.9869694947472172,0.9219271461972036,0.423720989285847,0.2666031490068604,0.9854939818338716,0.9191058574566033,0.8814237140593193,0.3778904334571779,0.41316496143074344,0.913690259614191,0.4078487535156693,0.420279158635019,0.9248013202916744,0.41811134721021065,0.4254674285861516,0.9080379201315761,0.4023577842551392,0.4174709932930001,0.10895489137918656,0.22251711531873636,0.22098536061519256,0.3015921666789058,0.25193508608795717,0.33077314306714717,0.20090071845611202,0.28605730857176614,0.916913463359987,0.9325098335447302,0.9355098723704389,0.929764155491221
57,0.45571806367781953,-0.3404078935661454,0.9904709545634667,0.9146001654256564,0.45711809404416726,-0.2132901051253854,0.9929712384979515,0.9272259176430094,0.4713275577691265,-0.1698622952575633,0.9935125426709005,0.9377791989973604,0.46365970579054994,-0.2333093074799177,0.9924740370632184,0.9279890338257266,0.33530691185409683,0.4449206771939807,0.46326252342708235,0.43364788943063387,0.45653615420810756,0.4488037789008873,0.462865172721811,0.4658065249932946,0.451616612358826,0.4116368366335133,0.45519952606556036,0.4520261348853963,-0.3672923893633483,-0.14855802675456403,-0.231006010336879,-0.05587916589468167,-0.18454485077213395,-0.018902165360035604,-0.25851739511806804,-0.07692019693895565,0.917488821518105,0.9357017355362044,0.9404714969548531,0.9315916148152056
58,0.4066469408136451,0.5116509069843709,0.9771056273226163,0.9521537431265653,0.46638223112358507,0.5763874594568631,0.9837460540077183,0.9586034711444764,0.4818695198426963,0.6015263268798611,0.9861241067652582,0.9614723772303813,0.4580093999201388,0.5716737582663628,0.9799170025952032,0.9592700693535983,0.9564288794752355,0.4020028481559791,0.4271375913601447,0.9660902314723405,0.4504481576434634,0.4606572675385001,0.96677385381177,0.46612577966540314,0.468894352228716,0.9616195284920687,0.4436855066163253,0.4510993498571233,0.5099364542096674,0.46201609851290126,0.5620075072629266,0.5233841500662456,0.5858407108144608,0.5493495361816562,0.5577247027206883,0.5106303315752306,0.8861981950644928,0.9032644390092714,0.9116439118345989,0.900352928786497
59,0.40283270059424253,0.46699276069681633,0.9888300194629625,0.9510507266096127,0.46405698634037773,0.5424520684364122,0.9943269333203902,0.9577410414306866,0.47982571039970173,0.5719460594606134,0.9948747250015858,0.9607529162225679,0.4557211332248265,0.5362642759669461,0.9908300980197056,0.9584161585156384,0.9527696499040229,0.4448334081008419,0.4329776267885345,0.9621256173646712,0.48484514941415924,0.46720243596786326,0.9628502747431877,0.5011665470212271,0.4761223924301021,0.9579337484462382,0.48065939347962705,0.457925396167454,0.49349352816079584,0.43548216978224197,0.5530393994638346,0.5039010940747797,0.5824283816980782,0.5338847310297505,0.546654367323522,0.48989785178395656,0.9282188255828605,0.9383709035863744,0.9433338726019406,0.9361990481876179
